source_record_key,skill_key,evidence_source,matched_aliases,evidence_field_count
remotive::2091047,data_quality,description_text,quality assurance,1
remotive::2090982,python,description_text|tags,Python,2
remotive::2090982,pandas,description_text,pandas,1
remotive::2090982,numpy,description_text|tags,NumPy,2
remotive::2090982,aws,description_text|tags,AWS,2
remotive::2090982,azure,description_text|tags,Azure,2
remotive::2090982,google_cloud,description_text|tags,GCP,2
himalayas::https://himalayas.app/companies/sarnova/jobs/data-analyst-cardio-partners-remote,sql,description_text|tags,SQL,2
himalayas::https://himalayas.app/companies/sarnova/jobs/data-analyst-cardio-partners-remote,power_bi,description_text,Power BI,1
himalayas::https://himalayas.app/companies/sarnova/jobs/data-analyst-cardio-partners-remote,dax,description_text,DAX,1
himalayas::https://himalayas.app/companies/sarnova/jobs/data-analyst-cardio-partners-remote,dashboarding,description_text,dashboard|dashboards,1
himalayas::https://himalayas.app/companies/sarnova/jobs/data-analyst-cardio-partners-remote,etl_elt,description_text,ETL,1
himalayas::https://himalayas.app/companies/sarnova/jobs/data-analyst-cardio-partners-remote,data_modeling,description_text,data modeling,1
himalayas::https://himalayas.app/companies/sarnova/jobs/data-analyst-cardio-partners-remote,data_warehousing,description_text,data warehousing,1
himalayas::https://himalayas.app/companies/sarnova/jobs/data-analyst-cardio-partners-remote,apis,description_text,APIs,1
himalayas::https://himalayas.app/companies/sarnova/jobs/data-analyst-cardio-partners-remote,aws,description_text,AWS,1
himalayas::https://himalayas.app/companies/sarnova/jobs/data-analyst-cardio-partners-remote,azure,description_text,Azure,1
himalayas::https://himalayas.app/companies/sarnova/jobs/data-analyst-cardio-partners-remote,data_quality,description_text,data validation,1
himalayas::https://himalayas.app/companies/sarnova/jobs/data-analyst-cardio-partners-remote,communication,description_text,communication skills,1
himalayas::https://himalayas.app/companies/sarnova/jobs/data-analyst-cardio-partners-remote,problem_solving,description_text,problem-solving,1
himalayas::https://himalayas.app/companies/hire-hangar/jobs/data-analyst-4779782823,sql,description_text,SQL,1
himalayas::https://himalayas.app/companies/hire-hangar/jobs/data-analyst-4779782823,python,description_text,Python,1
himalayas::https://himalayas.app/companies/hire-hangar/jobs/data-analyst-4779782823,excel,description_text,Excel,1
himalayas::https://himalayas.app/companies/hire-hangar/jobs/data-analyst-4779782823,power_bi,description_text,Power BI,1
himalayas::https://himalayas.app/companies/hire-hangar/jobs/data-analyst-4779782823,tableau,description_text,Tableau,1
himalayas::https://himalayas.app/companies/hire-hangar/jobs/data-analyst-4779782823,looker,description_text,Looker,1
himalayas::https://himalayas.app/companies/hire-hangar/jobs/data-analyst-4779782823,dashboarding,description_text,dashboards,1
himalayas::https://himalayas.app/companies/hire-hangar/jobs/data-analyst-4779782823,data_visualization,description_text,data visualization|visualization,1
himalayas::https://himalayas.app/companies/hire-hangar/jobs/data-analyst-4779782823,ab_testing,description_text,A/B testing,1
himalayas::https://himalayas.app/companies/gradera-inc/jobs/data-scientist,sql,description_text,SQL,1
himalayas::https://himalayas.app/companies/gradera-inc/jobs/data-scientist,python,description_text,Python,1
himalayas::https://himalayas.app/companies/gradera-inc/jobs/data-scientist,dashboarding,description_text,dashboards,1
himalayas::https://himalayas.app/companies/gradera-inc/jobs/data-scientist,pandas,description_text,pandas,1
himalayas::https://himalayas.app/companies/gradera-inc/jobs/data-scientist,numpy,description_text,NumPy,1
himalayas::https://himalayas.app/companies/gradera-inc/jobs/data-scientist,scikit_learn,description_text,scikit-learn,1
himalayas::https://himalayas.app/companies/gradera-inc/jobs/data-scientist,airflow,description_text,Airflow,1
himalayas::https://himalayas.app/companies/gradera-inc/jobs/data-scientist,spark,description_text,Spark,1
himalayas::https://himalayas.app/companies/gradera-inc/jobs/data-scientist,databricks,description_text,Databricks,1
himalayas::https://himalayas.app/companies/gradera-inc/jobs/data-scientist,data_warehousing,description_text,data warehouses,1
himalayas::https://himalayas.app/companies/gradera-inc/jobs/data-scientist,snowflake,description_text,Snowflake,1
himalayas::https://himalayas.app/companies/gradera-inc/jobs/data-scientist,redshift,description_text,Redshift,1
himalayas::https://himalayas.app/companies/gradera-inc/jobs/data-scientist,sql_server,description_text,SQL Server,1
himalayas::https://himalayas.app/companies/gradera-inc/jobs/data-scientist,aws,description_text,AWS,1
himalayas::https://himalayas.app/companies/gradera-inc/jobs/data-scientist,azure,description_text,Azure,1
himalayas::https://himalayas.app/companies/gradera-inc/jobs/data-scientist,statistics,description_text,hypothesis testing|statistics,1
himalayas::https://himalayas.app/companies/gradera-inc/jobs/data-scientist,machine_learning,description_text,machine learning,1
himalayas::https://himalayas.app/companies/gradera-inc/jobs/data-scientist,data_quality,description_text,data quality,1
himalayas::https://himalayas.app/companies/trillium-health-resources/jobs/business-informatics-support-data-engineer,sql,description_text,SQL,1
himalayas::https://himalayas.app/companies/trillium-health-resources/jobs/business-informatics-support-data-engineer,python,description_text,Python,1
himalayas::https://himalayas.app/companies/trillium-health-resources/jobs/business-informatics-support-data-engineer,power_bi,description_text,Power BI,1
himalayas::https://himalayas.app/companies/trillium-health-resources/jobs/business-informatics-support-data-engineer,dashboarding,description_text,dashboards,1
himalayas::https://himalayas.app/companies/trillium-health-resources/jobs/business-informatics-support-data-engineer,databricks,description_text,Databricks,1
himalayas::https://himalayas.app/companies/trillium-health-resources/jobs/business-informatics-support-data-engineer,data_warehousing,description_text,data warehouse,1
himalayas::https://himalayas.app/companies/trillium-health-resources/jobs/business-informatics-support-data-engineer,snowflake,description_text,Snowflake,1
himalayas::https://himalayas.app/companies/trillium-health-resources/jobs/business-informatics-support-data-engineer,sql_server,description_text,SQL Server,1
himalayas::https://himalayas.app/companies/trillium-health-resources/jobs/business-informatics-support-data-engineer,aws,description_text,AWS,1
himalayas::https://himalayas.app/companies/trillium-health-resources/jobs/business-informatics-support-data-engineer,azure,description_text,Azure,1
himalayas::https://himalayas.app/companies/trillium-health-resources/jobs/business-informatics-support-data-engineer,statistics,description_text,statistics,1
himalayas::https://himalayas.app/companies/general-dynamics-information-technology/jobs/data-analyst-senior-8112083633,sql,description_text,SQL,1
himalayas::https://himalayas.app/companies/general-dynamics-information-technology/jobs/data-analyst-senior-8112083633,python,description_text,Python,1
himalayas::https://himalayas.app/companies/general-dynamics-information-technology/jobs/data-analyst-senior-8112083633,excel,description_text,Excel,1
himalayas::https://himalayas.app/companies/general-dynamics-information-technology/jobs/data-analyst-senior-8112083633,power_bi,description_text,Power BI,1
himalayas::https://himalayas.app/companies/general-dynamics-information-technology/jobs/data-analyst-senior-8112083633,tableau,description_text,Tableau,1
himalayas::https://himalayas.app/companies/general-dynamics-information-technology/jobs/data-analyst-senior-8112083633,data_visualization,description_text|tags,data visualization|visualization,2
himalayas::https://himalayas.app/companies/general-dynamics-information-technology/jobs/data-analyst-senior-8112083633,etl_elt,description_text,ETL,1
himalayas::https://himalayas.app/companies/general-dynamics-information-technology/jobs/data-analyst-senior-8112083633,statistics,description_text,statistical analysis,1
himalayas::https://himalayas.app/companies/general-dynamics-information-technology/jobs/data-analyst-senior-8112083633,machine_learning,description_text,predictive modeling,1
himalayas::https://himalayas.app/companies/general-dynamics-information-technology/jobs/data-analyst-senior-8112083633,communication,description_text,communication skills|verbal communication,1
himalayas::https://himalayas.app/companies/aptive/jobs/health-it-business-analyst-ii-program-advisory,power_bi,description_text,Power BI,1
himalayas::https://himalayas.app/companies/astrafy/jobs/internship-data-engineer-3555799466,dashboarding,description_text,dashboards,1
himalayas::https://himalayas.app/companies/astrafy/jobs/internship-data-engineer-3555799466,dbt,description_text,dbt,1
himalayas::https://himalayas.app/companies/astrafy/jobs/internship-data-engineer-3555799466,airflow,description_text,Airflow,1
himalayas::https://himalayas.app/companies/astrafy/jobs/internship-data-engineer-3555799466,terraform,description_text,Terraform,1
himalayas::https://himalayas.app/companies/astrafy/jobs/internship-data-engineer-3555799466,snowflake,description_text,Snowflake,1
himalayas::https://himalayas.app/companies/astrafy/jobs/internship-data-engineer-3555799466,bigquery,description_text,BigQuery,1
himalayas::https://himalayas.app/companies/astrafy/jobs/internship-data-engineer-3555799466,google_cloud,description_text,Google Cloud,1
himalayas::https://himalayas.app/companies/astrafy/jobs/internship-data-engineer-3555799466,data_governance,description_text,data governance,1
himalayas::https://himalayas.app/companies/vsolvit/jobs/business-systems-data-analyst,data_warehousing,description_text,data warehousing,1
himalayas::https://himalayas.app/companies/vsolvit/jobs/business-systems-data-analyst,machine_learning,description_text,machine learning,1
himalayas::https://himalayas.app/companies/vsolvit/jobs/business-systems-data-analyst,data_quality,description_text,data validation,1
himalayas::https://himalayas.app/companies/vsolvit/jobs/business-systems-data-analyst,stakeholder_management,description_text,stakeholder management,1
himalayas::https://himalayas.app/companies/thirdwave/jobs/data-scientist,sql,description_text,SQL,1
himalayas::https://himalayas.app/companies/thirdwave/jobs/data-scientist,python,description_text,Python,1
himalayas::https://himalayas.app/companies/thirdwave/jobs/data-scientist,dbt,description_text,data build tool|dbt,1
himalayas::https://himalayas.app/companies/thirdwave/jobs/data-scientist,etl_elt,description_text,ETL,1
himalayas::https://himalayas.app/companies/thirdwave/jobs/data-scientist,spark,description_text,Spark,1
himalayas::https://himalayas.app/companies/thirdwave/jobs/data-scientist,data_warehousing,description_text,data warehouses,1
himalayas::https://himalayas.app/companies/thirdwave/jobs/data-scientist,apis,description_text,APIs,1
himalayas::https://himalayas.app/companies/thirdwave/jobs/data-scientist,snowflake,description_text,Snowflake,1
himalayas::https://himalayas.app/companies/thirdwave/jobs/data-scientist,redshift,description_text,Redshift,1
himalayas::https://himalayas.app/companies/thirdwave/jobs/data-scientist,postgresql,description_text,Postgres,1
himalayas::https://himalayas.app/companies/thirdwave/jobs/data-scientist,aws,description_text,AWS,1
himalayas::https://himalayas.app/companies/thirdwave/jobs/data-scientist,statistics,description_text,statistics,1
himalayas::https://himalayas.app/companies/thirdwave/jobs/data-scientist,machine_learning,description_text,machine learning,1
himalayas::https://himalayas.app/companies/general-dynamics-information-technology/jobs/data-analyst,excel,description_text,Excel|Microsoft Excel,1
himalayas::https://himalayas.app/companies/general-dynamics-information-technology/jobs/data-analyst,power_bi,description_text,Power BI,1
himalayas::https://himalayas.app/companies/general-dynamics-information-technology/jobs/data-analyst,data_visualization,description_text|tags,data visualization|visualization,2
himalayas::https://himalayas.app/companies/general-dynamics-information-technology/jobs/data-analyst,communication,description_text,communication skills,1
himalayas::https://himalayas.app/companies/general-dynamics-information-technology/jobs/data-analyst,problem_solving,description_text,problem solving|problem-solving,1
himalayas::https://himalayas.app/companies/inetum/jobs/data-scientist,sql,description_text,SQL,1
himalayas::https://himalayas.app/companies/inetum/jobs/data-scientist,python,description_text,Python,1
himalayas::https://himalayas.app/companies/inetum/jobs/data-scientist,pandas,description_text,pandas,1
himalayas::https://himalayas.app/companies/inetum/jobs/data-scientist,scikit_learn,description_text,scikit-learn,1
himalayas::https://himalayas.app/companies/inetum/jobs/data-scientist,spark,description_text,PySpark,1
himalayas::https://himalayas.app/companies/inetum/jobs/data-scientist,azure,description_text,Azure,1
himalayas::https://himalayas.app/companies/inetum/jobs/data-scientist,statistics,description_text,hypothesis testing|statistical analysis,1
himalayas::https://himalayas.app/companies/inetum/jobs/data-scientist,git,description_text,Git,1
himalayas::https://himalayas.app/companies/veem/jobs/data-engineer-bi-reporting-9087362756,sql,description_text,SQL,1
himalayas::https://himalayas.app/companies/veem/jobs/data-engineer-bi-reporting-9087362756,power_bi,description_text,Power BI,1
himalayas::https://himalayas.app/companies/veem/jobs/data-engineer-bi-reporting-9087362756,tableau,description_text,Tableau,1
himalayas::https://himalayas.app/companies/veem/jobs/data-engineer-bi-reporting-9087362756,looker,description_text,Looker,1
himalayas::https://himalayas.app/companies/veem/jobs/data-engineer-bi-reporting-9087362756,dashboarding,description_text,dashboard|dashboards,1
himalayas::https://himalayas.app/companies/veem/jobs/data-engineer-bi-reporting-9087362756,dbt,description_text,dbt,1
himalayas::https://himalayas.app/companies/veem/jobs/data-engineer-bi-reporting-9087362756,data_modeling,description_text,data modeling,1
himalayas::https://himalayas.app/companies/veem/jobs/data-engineer-bi-reporting-9087362756,data_quality,description_text,data quality,1
himalayas::https://himalayas.app/companies/delan-associates/jobs/senior-business-intelligence-analyst,sql,description_text,SQL,1
himalayas::https://himalayas.app/companies/delan-associates/jobs/senior-business-intelligence-analyst,qlik,description_text,QlikView,1
himalayas::https://himalayas.app/companies/academic-partnerships/jobs/senior-data-engineer,sql,description_text,SQL,1
himalayas::https://himalayas.app/companies/academic-partnerships/jobs/senior-data-engineer,python,description_text,Python,1
himalayas::https://himalayas.app/companies/academic-partnerships/jobs/senior-data-engineer,power_bi,description_text,Power BI,1
himalayas::https://himalayas.app/companies/academic-partnerships/jobs/senior-data-engineer,tableau,description_text,Tableau,1
himalayas::https://himalayas.app/companies/academic-partnerships/jobs/senior-data-engineer,dashboarding,description_text,dashboards,1
himalayas::https://himalayas.app/companies/academic-partnerships/jobs/senior-data-engineer,data_visualization,description_text,visualization,1
himalayas::https://himalayas.app/companies/academic-partnerships/jobs/senior-data-engineer,dbt,description_text,dbt,1
himalayas::https://himalayas.app/companies/academic-partnerships/jobs/senior-data-engineer,spark,description_text,PySpark|Spark,1
himalayas::https://himalayas.app/companies/academic-partnerships/jobs/senior-data-engineer,databricks,description_text,Databricks,1
himalayas::https://himalayas.app/companies/academic-partnerships/jobs/senior-data-engineer,data_warehousing,description_text,lakehouse,1
himalayas::https://himalayas.app/companies/academic-partnerships/jobs/senior-data-engineer,docker,description_text,Docker,1
himalayas::https://himalayas.app/companies/academic-partnerships/jobs/senior-data-engineer,azure,description_text,Azure,1
himalayas::https://himalayas.app/companies/academic-partnerships/jobs/senior-data-engineer,machine_learning,description_text,machine learning,1
himalayas::https://himalayas.app/companies/academic-partnerships/jobs/senior-data-engineer,data_quality,description_text,data quality,1
himalayas::https://himalayas.app/companies/eer-poland/jobs/computer-vision-data-scientist,scikit_learn,description_text,scikit-learn,1
himalayas::https://himalayas.app/companies/eer-poland/jobs/computer-vision-data-scientist,statistics,description_text,hypothesis testing,1
himalayas::https://himalayas.app/companies/eer-poland/jobs/computer-vision-data-scientist,forecasting,description_text,time series,1
himalayas::https://himalayas.app/companies/logistics-management-institute/jobs/senior-data-scientist-clearance-required,dashboarding,description_text,dashboards,1
himalayas::https://himalayas.app/companies/logistics-management-institute/jobs/senior-data-scientist-clearance-required,data_visualization,description_text,data visualization|visualization,1
himalayas::https://himalayas.app/companies/logistics-management-institute/jobs/senior-data-scientist-clearance-required,data_modeling,description_text,data modeling,1
himalayas::https://himalayas.app/companies/logistics-management-institute/jobs/senior-data-scientist-clearance-required,data_governance,description_text,data governance,1
himalayas::https://himalayas.app/companies/logistics-management-institute/jobs/senior-data-scientist-clearance-required,data_quality,description_text,data quality,1
himalayas::https://himalayas.app/companies/logistics-management-institute/jobs/senior-data-scientist-clearance-required,communication,description_text,communication skills|verbal communication,1
himalayas::https://himalayas.app/companies/bold/jobs/analytics-engineer,sql,description_text,SQL,1
himalayas::https://himalayas.app/companies/bold/jobs/analytics-engineer,python,description_text,Python,1
himalayas::https://himalayas.app/companies/bold/jobs/analytics-engineer,power_bi,description_text,Power BI,1
himalayas::https://himalayas.app/companies/bold/jobs/analytics-engineer,tableau,description_text,Tableau,1
himalayas::https://himalayas.app/companies/bold/jobs/analytics-engineer,looker,description_text,Looker,1
himalayas::https://himalayas.app/companies/bold/jobs/analytics-engineer,dashboarding,description_text,dashboards,1
himalayas::https://himalayas.app/companies/bold/jobs/analytics-engineer,data_warehousing,description_text,data warehouse|lakehouse,1
himalayas::https://himalayas.app/companies/humana/jobs/senior-business-intelligence-engineer-9758954830,sql,description_text,SQL,1
himalayas::https://himalayas.app/companies/humana/jobs/senior-business-intelligence-engineer-9758954830,dashboarding,description_text,dashboards,1
himalayas::https://himalayas.app/companies/humana/jobs/senior-business-intelligence-engineer-9758954830,etl_elt,description_text|tags,ETL,2
himalayas::https://himalayas.app/companies/humana/jobs/senior-business-intelligence-engineer-9758954830,spark,description_text,PySpark|Spark,1
himalayas::https://himalayas.app/companies/humana/jobs/senior-business-intelligence-engineer-9758954830,databricks,description_text,Azure Databricks|Databricks,1
himalayas::https://himalayas.app/companies/humana/jobs/senior-business-intelligence-engineer-9758954830,sql_server,description_text,SQL Server,1
himalayas::https://himalayas.app/companies/humana/jobs/senior-business-intelligence-engineer-9758954830,azure,description_text,Azure,1
himalayas::https://himalayas.app/companies/humana/jobs/senior-business-intelligence-engineer-9758954830,problem_solving,description_text,problem-solving,1
himalayas::https://himalayas.app/companies/talent-sam/jobs/data-analyst,sql,description_text,SQL,1
himalayas::https://himalayas.app/companies/talent-sam/jobs/data-analyst,python,description_text,Python,1
himalayas::https://himalayas.app/companies/talent-sam/jobs/data-analyst,excel,description_text,Excel|Microsoft Excel,1
himalayas::https://himalayas.app/companies/talent-sam/jobs/data-analyst,power_bi,description_text,Power BI,1
himalayas::https://himalayas.app/companies/talent-sam/jobs/data-analyst,tableau,description_text,Tableau,1
himalayas::https://himalayas.app/companies/talent-sam/jobs/data-analyst,looker,description_text,Looker|Looker Studio,1
himalayas::https://himalayas.app/companies/talent-sam/jobs/data-analyst,dashboarding,description_text,dashboards,1
himalayas::https://himalayas.app/companies/talent-sam/jobs/data-analyst,data_visualization,description_text,data visualization|visualization,1
himalayas::https://himalayas.app/companies/talent-sam/jobs/data-analyst,etl_elt,description_text,ETL,1
himalayas::https://himalayas.app/companies/talent-sam/jobs/data-analyst,data_modeling,description_text,data modeling,1
himalayas::https://himalayas.app/companies/talent-sam/jobs/data-analyst,statistics,description_text,statistical analysis,1
himalayas::https://himalayas.app/companies/talent-sam/jobs/data-analyst,communication,description_text,communication skills|written communication,1
himalayas::https://himalayas.app/companies/talent-sam/jobs/data-analyst,problem_solving,description_text,problem-solving,1
himalayas::https://himalayas.app/companies/humana/jobs/bi-engineer-4789802032,sql,description_text,SQL,1
himalayas::https://himalayas.app/companies/humana/jobs/bi-engineer-4789802032,python,description_text,Python,1
himalayas::https://himalayas.app/companies/humana/jobs/bi-engineer-4789802032,power_bi,description_text,Power BI|PowerBI,1
himalayas::https://himalayas.app/companies/humana/jobs/bi-engineer-4789802032,dashboarding,description_text,dashboards,1
himalayas::https://himalayas.app/companies/humana/jobs/bi-engineer-4789802032,data_visualization,description_text,data visualization|visualization,1
himalayas::https://himalayas.app/companies/aptive/jobs/senior-data-scientist-statistical-modeling-ai-ml,sql,description_text,SQL,1
himalayas::https://himalayas.app/companies/aptive/jobs/senior-data-scientist-statistical-modeling-ai-ml,python,description_text,Python,1
himalayas::https://himalayas.app/companies/aptive/jobs/senior-data-scientist-statistical-modeling-ai-ml,power_bi,description_text,Power BI,1
himalayas::https://himalayas.app/companies/aptive/jobs/senior-data-scientist-statistical-modeling-ai-ml,dashboarding,description_text,dashboard|dashboards,1
himalayas::https://himalayas.app/companies/aptive/jobs/senior-data-scientist-statistical-modeling-ai-ml,databricks,description_text,Databricks,1
himalayas::https://himalayas.app/companies/aptive/jobs/senior-data-scientist-statistical-modeling-ai-ml,data_warehousing,description_text,data warehouse,1
himalayas::https://himalayas.app/companies/aptive/jobs/senior-data-scientist-statistical-modeling-ai-ml,azure,description_text,Azure,1
himalayas::https://himalayas.app/companies/aptive/jobs/senior-data-scientist-statistical-modeling-ai-ml,statistics,description_text|job_title_raw,statistical modeling|statistics,2
himalayas::https://himalayas.app/companies/aptive/jobs/senior-data-scientist-statistical-modeling-ai-ml,machine_learning,description_text,machine learning,1
himalayas::https://himalayas.app/companies/aptive/jobs/senior-data-scientist-statistical-modeling-ai-ml,data_governance,description_text,data governance,1
himalayas::https://himalayas.app/companies/aptive/jobs/senior-data-scientist-statistical-modeling-ai-ml,data_quality,description_text,data quality|data validation|quality assurance,1
himalayas::https://himalayas.app/companies/aptive/jobs/senior-data-scientist-statistical-modeling-ai-ml,git,description_text,Git|GitHub,1
himalayas::https://himalayas.app/companies/aptive/jobs/senior-data-scientist-statistical-modeling-ai-ml,jira,description_text,Jira,1
himalayas::https://himalayas.app/companies/aptive/jobs/senior-data-scientist-statistical-modeling-ai-ml,sas,description_text,SAS,1
himalayas::https://himalayas.app/companies/mercury-insurance/jobs/lead-data-scientist-property-catastrophe-cat-modeling-geo-analytics,sql,description_text,SQL,1
himalayas::https://himalayas.app/companies/mercury-insurance/jobs/lead-data-scientist-property-catastrophe-cat-modeling-geo-analytics,python,description_text,Python,1
himalayas::https://himalayas.app/companies/mercury-insurance/jobs/lead-data-scientist-property-catastrophe-cat-modeling-geo-analytics,statistics,description_text,statistical analysis,1
himalayas::https://himalayas.app/companies/mercury-insurance/jobs/lead-data-scientist-property-catastrophe-cat-modeling-geo-analytics,machine_learning,description_text,machine learning|predictive modeling,1
himalayas::https://himalayas.app/companies/mercury-insurance/jobs/lead-data-scientist-property-catastrophe-cat-modeling-geo-analytics,sas,description_text,SAS,1
himalayas::https://himalayas.app/companies/mercury-insurance/jobs/lead-data-scientist-property-catastrophe-cat-modeling-geo-analytics,communication,description_text,communication skills,1
himalayas::https://himalayas.app/companies/concept-plus/jobs/business-intelligence-developer,sql,description_text,PL/SQL|SQL,1
himalayas::https://himalayas.app/companies/concept-plus/jobs/business-intelligence-developer,python,description_text,Python,1
himalayas::https://himalayas.app/companies/concept-plus/jobs/business-intelligence-developer,power_bi,description_text,Power BI,1
himalayas::https://himalayas.app/companies/concept-plus/jobs/business-intelligence-developer,tableau,description_text,Tableau,1
himalayas::https://himalayas.app/companies/concept-plus/jobs/business-intelligence-developer,qlik,description_text,Qlik,1
himalayas::https://himalayas.app/companies/concept-plus/jobs/business-intelligence-developer,dashboarding,description_text,dashboards,1
himalayas::https://himalayas.app/companies/concept-plus/jobs/business-intelligence-developer,etl_elt,description_text,ETL,1
himalayas::https://himalayas.app/companies/concept-plus/jobs/business-intelligence-developer,ci_cd,description_text,CI/CD,1
himalayas::https://himalayas.app/companies/concept-plus/jobs/business-intelligence-developer,aws,description_text,AWS,1
himalayas::https://himalayas.app/companies/concept-plus/jobs/business-intelligence-developer,jira,description_text,Jira,1
himalayas::https://himalayas.app/companies/concept-plus/jobs/business-intelligence-developer,problem_solving,description_text,problem-solving,1
himalayas::https://himalayas.app/companies/logistics-management-institute/jobs/data-analyst-clearance-required,dashboarding,description_text,dashboards,1
himalayas::https://himalayas.app/companies/logistics-management-institute/jobs/data-analyst-clearance-required,data_visualization,description_text,data visualization|visualization,1
himalayas::https://himalayas.app/companies/logistics-management-institute/jobs/data-analyst-clearance-required,data_governance,description_text,data governance,1
himalayas::https://himalayas.app/companies/logistics-management-institute/jobs/data-analyst-clearance-required,data_quality,description_text,data quality,1
himalayas::https://himalayas.app/companies/logistics-management-institute/jobs/data-analyst-clearance-required,communication,description_text,communication skills|verbal communication,1
himalayas::https://himalayas.app/companies/nextgen-invent-corporation/jobs/senior-data-engineer,sql,description_text,SQL,1
himalayas::https://himalayas.app/companies/nextgen-invent-corporation/jobs/senior-data-engineer,python,description_text,Python,1
himalayas::https://himalayas.app/companies/nextgen-invent-corporation/jobs/senior-data-engineer,etl_elt,description_text|tags,ELT|ETL,2
himalayas::https://himalayas.app/companies/nextgen-invent-corporation/jobs/senior-data-engineer,airflow,description_text,Airflow|Apache Airflow,1
himalayas::https://himalayas.app/companies/nextgen-invent-corporation/jobs/senior-data-engineer,spark,description_text,Apache Spark|PySpark|Spark,1
himalayas::https://himalayas.app/companies/nextgen-invent-corporation/jobs/senior-data-engineer,databricks,description_text,Azure Databricks|Databricks,1
himalayas::https://himalayas.app/companies/nextgen-invent-corporation/jobs/senior-data-engineer,data_modeling,description_text,dimensional modelling,1
himalayas::https://himalayas.app/companies/nextgen-invent-corporation/jobs/senior-data-engineer,data_warehousing,description_text,data warehouse|data warehousing|lakehouse,1
himalayas::https://himalayas.app/companies/nextgen-invent-corporation/jobs/senior-data-engineer,ci_cd,description_text,CI/CD,1
himalayas::https://himalayas.app/companies/nextgen-invent-corporation/jobs/senior-data-engineer,snowflake,description_text,Snowflake,1
himalayas::https://himalayas.app/companies/nextgen-invent-corporation/jobs/senior-data-engineer,redshift,description_text,Amazon Redshift|Redshift,1
himalayas::https://himalayas.app/companies/nextgen-invent-corporation/jobs/senior-data-engineer,aws,description_text,AWS,1
himalayas::https://himalayas.app/companies/nextgen-invent-corporation/jobs/senior-data-engineer,azure,description_text,Azure,1
himalayas::https://himalayas.app/companies/nextgen-invent-corporation/jobs/senior-data-engineer,data_governance,description_text,data governance,1
himalayas::https://himalayas.app/companies/nextgen-invent-corporation/jobs/senior-data-engineer,data_quality,description_text,data quality,1
himalayas::https://himalayas.app/companies/nextgen-invent-corporation/jobs/senior-data-engineer,git,description_text,Git,1
himalayas::https://himalayas.app/companies/nextgen-invent-corporation/jobs/senior-data-engineer,stakeholder_management,description_text,stakeholder management,1
himalayas::https://himalayas.app/companies/nextgen-invent-corporation/jobs/senior-data-engineer,problem_solving,description_text,problem-solving,1
himalayas::https://himalayas.app/companies/option/jobs/data-engineer,sql,description_text,SQL,1
himalayas::https://himalayas.app/companies/option/jobs/data-engineer,python,description_text,Python,1
himalayas::https://himalayas.app/companies/option/jobs/data-engineer,pandas,description_text,pandas,1
himalayas::https://himalayas.app/companies/option/jobs/data-engineer,numpy,description_text,NumPy,1
himalayas::https://himalayas.app/companies/option/jobs/data-engineer,spark,description_text,PySpark,1
himalayas::https://himalayas.app/companies/option/jobs/data-engineer,apis,description_text,APIs,1
himalayas::https://himalayas.app/companies/option/jobs/data-engineer,ci_cd,description_text,CI/CD,1
himalayas::https://himalayas.app/companies/option/jobs/data-engineer,docker,description_text,Docker,1
himalayas::https://himalayas.app/companies/option/jobs/data-engineer,kubernetes,description_text,Kubernetes,1
himalayas::https://himalayas.app/companies/option/jobs/data-engineer,terraform,description_text,Terraform,1
himalayas::https://himalayas.app/companies/option/jobs/data-engineer,google_cloud,description_text|tags,GCP|Google Cloud|Google Cloud Platform,2
himalayas::https://himalayas.app/companies/peraton/jobs/data-analyst-medicaid,excel,description_text,Excel,1
himalayas::https://himalayas.app/companies/peraton/jobs/data-analyst-medicaid,statistics,description_text,statistics,1
himalayas::https://himalayas.app/companies/newbridge/jobs/senior-data-engineer-5781342267,sql,description_text,SQL,1
himalayas::https://himalayas.app/companies/newbridge/jobs/senior-data-engineer-5781342267,python,description_text,Python,1
himalayas::https://himalayas.app/companies/newbridge/jobs/senior-data-engineer-5781342267,dbt,description_text,dbt,1
himalayas::https://himalayas.app/companies/newbridge/jobs/senior-data-engineer-5781342267,airflow,description_text,Airflow,1
himalayas::https://himalayas.app/companies/newbridge/jobs/senior-data-engineer-5781342267,spark,description_text,Apache Spark|Spark,1
himalayas::https://himalayas.app/companies/newbridge/jobs/senior-data-engineer-5781342267,data_warehousing,description_text,data warehouses,1
himalayas::https://himalayas.app/companies/newbridge/jobs/senior-data-engineer-5781342267,ci_cd,description_text,CI/CD,1
himalayas::https://himalayas.app/companies/newbridge/jobs/senior-data-engineer-5781342267,snowflake,description_text,Snowflake,1
himalayas::https://himalayas.app/companies/newbridge/jobs/senior-data-engineer-5781342267,bigquery,description_text,BigQuery,1
himalayas::https://himalayas.app/companies/newbridge/jobs/senior-data-engineer-5781342267,redshift,description_text,Redshift,1
himalayas::https://himalayas.app/companies/newbridge/jobs/senior-data-engineer-5781342267,aws,description_text,AWS,1
himalayas::https://himalayas.app/companies/newbridge/jobs/senior-data-engineer-5781342267,azure,description_text,Azure,1
himalayas::https://himalayas.app/companies/newbridge/jobs/senior-data-engineer-5781342267,google_cloud,description_text,GCP,1
himalayas::https://himalayas.app/companies/newbridge/jobs/senior-data-engineer-5781342267,machine_learning,description_text,machine learning,1
himalayas::https://himalayas.app/companies/newbridge/jobs/senior-data-engineer-5781342267,data_quality,description_text,data quality,1
himalayas::https://himalayas.app/companies/genesis/jobs/middle-data-analyst-boosters,sql,description_text,SQL,1
himalayas::https://himalayas.app/companies/genesis/jobs/middle-data-analyst-boosters,python,description_text,Python,1
himalayas::https://himalayas.app/companies/genesis/jobs/middle-data-analyst-boosters,power_bi,description_text,Power BI,1
himalayas::https://himalayas.app/companies/genesis/jobs/middle-data-analyst-boosters,tableau,description_text,Tableau,1
himalayas::https://himalayas.app/companies/codea-it/jobs/sr-data-engineer,sql,description_text,SQL,1
himalayas::https://himalayas.app/companies/codea-it/jobs/sr-data-engineer,python,description_text,Python,1
himalayas::https://himalayas.app/companies/codea-it/jobs/sr-data-engineer,etl_elt,description_text|tags,ELT|ETL,2
himalayas::https://himalayas.app/companies/codea-it/jobs/sr-data-engineer,airflow,description_text,Airflow|Apache Airflow,1
himalayas::https://himalayas.app/companies/codea-it/jobs/sr-data-engineer,data_modeling,description_text,data modeling,1
himalayas::https://himalayas.app/companies/codea-it/jobs/sr-data-engineer,ci_cd,description_text,CI/CD,1
himalayas::https://himalayas.app/companies/codea-it/jobs/sr-data-engineer,terraform,description_text,Terraform,1
himalayas::https://himalayas.app/companies/codea-it/jobs/sr-data-engineer,snowflake,description_text,Snowflake,1
himalayas::https://himalayas.app/companies/codea-it/jobs/sr-data-engineer,redshift,description_text,Amazon Redshift|Redshift,1
himalayas::https://himalayas.app/companies/codea-it/jobs/sr-data-engineer,mysql,description_text,MySQL,1
himalayas::https://himalayas.app/companies/codea-it/jobs/sr-data-engineer,sql_server,description_text,SQL Server,1
himalayas::https://himalayas.app/companies/codea-it/jobs/sr-data-engineer,data_quality,description_text,data quality,1
himalayas::https://himalayas.app/companies/codea-it/jobs/sr-data-scientist,sql,description_text,SQL,1
himalayas::https://himalayas.app/companies/codea-it/jobs/sr-data-scientist,python,description_text,Python,1
himalayas::https://himalayas.app/companies/codea-it/jobs/sr-data-scientist,dashboarding,description_text,dashboards,1
himalayas::https://himalayas.app/companies/codea-it/jobs/sr-data-scientist,pandas,description_text,pandas,1
himalayas::https://himalayas.app/companies/codea-it/jobs/sr-data-scientist,scikit_learn,description_text,scikit-learn,1
himalayas::https://himalayas.app/companies/codea-it/jobs/sr-data-scientist,spark,description_text,Spark,1
himalayas::https://himalayas.app/companies/codea-it/jobs/sr-data-scientist,aws,description_text,AWS,1
himalayas::https://himalayas.app/companies/codea-it/jobs/sr-data-scientist,azure,description_text,Azure,1
himalayas::https://himalayas.app/companies/codea-it/jobs/sr-data-scientist,google_cloud,description_text,GCP,1
himalayas::https://himalayas.app/companies/codea-it/jobs/sr-data-scientist,forecasting,description_text,time series,1
himalayas::https://himalayas.app/companies/codea-it/jobs/sr-data-scientist,machine_learning,description_text,machine learning,1
himalayas::https://himalayas.app/companies/lenmar-consulting-inc/jobs/spmo-business-intelligence-analyst-max-55-hr-w2,sql,description_text,SQL,1
himalayas::https://himalayas.app/companies/lenmar-consulting-inc/jobs/spmo-business-intelligence-analyst-max-55-hr-w2,power_bi,description_text,Power BI,1
himalayas::https://himalayas.app/companies/lenmar-consulting-inc/jobs/spmo-business-intelligence-analyst-max-55-hr-w2,qlik,description_text,Qlik,1
himalayas::https://himalayas.app/companies/lenmar-consulting-inc/jobs/spmo-business-intelligence-analyst-max-55-hr-w2,azure,description_text,Azure,1
himalayas::https://himalayas.app/companies/lenmar-consulting-inc/jobs/spmo-business-intelligence-analyst-max-55-hr-w2,machine_learning,description_text,machine learning,1
himalayas::https://himalayas.app/companies/lenmar-consulting-inc/jobs/spmo-business-intelligence-analyst-max-55-hr-w2,data_governance,description_text,data governance,1
himalayas::https://himalayas.app/companies/lenmar-consulting-inc/jobs/spmo-business-intelligence-analyst-max-55-hr-w2,stakeholder_management,description_text,stakeholder engagement,1
himalayas::https://himalayas.app/companies/lenmar-consulting-inc/jobs/spmo-business-intelligence-analyst-max-55-hr-w2,communication,description_text,communication skills,1
himalayas::https://himalayas.app/companies/sagility/jobs/senior-data-scientist,sql,description_text,SQL,1
himalayas::https://himalayas.app/companies/sagility/jobs/senior-data-scientist,python,description_text,Python,1
himalayas::https://himalayas.app/companies/sagility/jobs/senior-data-scientist,excel,description_text,Excel,1
himalayas::https://himalayas.app/companies/sagility/jobs/senior-data-scientist,power_bi,description_text,Power BI,1
himalayas::https://himalayas.app/companies/sagility/jobs/senior-data-scientist,data_modeling,description_text,data modeling,1
himalayas::https://himalayas.app/companies/sagility/jobs/senior-data-scientist,machine_learning,description_text,machine learning|predictive modeling,1
himalayas::https://himalayas.app/companies/sagility/jobs/senior-data-scientist,sas,description_text,SAS,1
himalayas::https://himalayas.app/companies/fasset/jobs/senior-data-engineer,sql,description_text,SQL,1
himalayas::https://himalayas.app/companies/fasset/jobs/senior-data-engineer,python,description_text,Python,1
himalayas::https://himalayas.app/companies/fasset/jobs/senior-data-engineer,dashboarding,description_text,dashboards,1
himalayas::https://himalayas.app/companies/fasset/jobs/senior-data-engineer,dbt,description_text,dbt,1
himalayas::https://himalayas.app/companies/fasset/jobs/senior-data-engineer,airflow,description_text,Airflow|Apache Airflow,1
himalayas::https://himalayas.app/companies/fasset/jobs/senior-data-engineer,data_modeling,description_text,dimensional modeling,1
himalayas::https://himalayas.app/companies/fasset/jobs/senior-data-engineer,data_warehousing,description_text|tags,lakehouse,2
himalayas::https://himalayas.app/companies/fasset/jobs/senior-data-engineer,ci_cd,description_text,CI/CD,1
himalayas::https://himalayas.app/companies/fasset/jobs/senior-data-engineer,terraform,description_text,Terraform,1
himalayas::https://himalayas.app/companies/fasset/jobs/senior-data-engineer,redshift,description_text,Amazon Redshift|Redshift,1
himalayas::https://himalayas.app/companies/fasset/jobs/senior-data-engineer,aws,description_text,AWS,1
himalayas::https://himalayas.app/companies/infotrack-us/jobs/marketplace-business-analyst-infotrack-exchange,sql,description_text,SQL,1
himalayas::https://himalayas.app/companies/infotrack-us/jobs/marketplace-business-analyst-infotrack-exchange,power_bi,description_text,Power BI,1
himalayas::https://himalayas.app/companies/infotrack-us/jobs/marketplace-business-analyst-infotrack-exchange,tableau,description_text,Tableau,1
himalayas::https://himalayas.app/companies/infotrack-us/jobs/marketplace-business-analyst-infotrack-exchange,looker,description_text,Looker,1
himalayas::https://himalayas.app/companies/infotrack-us/jobs/marketplace-business-analyst-infotrack-exchange,dashboarding,description_text,dashboards,1
himalayas::https://himalayas.app/companies/infotrack-us/jobs/marketplace-business-analyst-infotrack-exchange,dbt,description_text,dbt,1
himalayas::https://himalayas.app/companies/infotrack-us/jobs/marketplace-business-analyst-infotrack-exchange,snowflake,description_text,Snowflake,1
himalayas::https://himalayas.app/companies/infotrack-us/jobs/marketplace-business-analyst-infotrack-exchange,data_quality,description_text,data quality,1
himalayas::https://himalayas.app/companies/infotrack-us/jobs/marketplace-business-analyst-infotrack-exchange,communication,description_text,communication skills|written communication,1
himalayas::https://himalayas.app/companies/compass-group-usa/jobs/senior-power-bi-developer-remote-tx-us-remote,sql,description_text,SQL,1
himalayas::https://himalayas.app/companies/compass-group-usa/jobs/senior-power-bi-developer-remote-tx-us-remote,power_bi,description_text|job_title_raw,Power BI,2
himalayas::https://himalayas.app/companies/compass-group-usa/jobs/senior-power-bi-developer-remote-tx-us-remote,dax,description_text,DAX,1
himalayas::https://himalayas.app/companies/compass-group-usa/jobs/senior-power-bi-developer-remote-tx-us-remote,power_query,description_text,Power Query,1
himalayas::https://himalayas.app/companies/compass-group-usa/jobs/senior-power-bi-developer-remote-tx-us-remote,microsoft_fabric,description_text,Fabric|Microsoft Fabric,1
himalayas::https://himalayas.app/companies/compass-group-usa/jobs/senior-power-bi-developer-remote-tx-us-remote,dashboarding,description_text,dashboard|dashboards,1
himalayas::https://himalayas.app/companies/compass-group-usa/jobs/senior-power-bi-developer-remote-tx-us-remote,data_modeling,description_text,data modeling,1
himalayas::https://himalayas.app/companies/compass-group-usa/jobs/senior-power-bi-developer-remote-tx-us-remote,snowflake,description_text,Snowflake,1
himalayas::https://himalayas.app/companies/compass-group-usa/jobs/senior-power-bi-developer-remote-tx-us-remote,azure,description_text,Azure,1
himalayas::https://himalayas.app/companies/compass-group-usa/jobs/senior-power-bi-developer-remote-tx-us-remote,data_quality,description_text,data quality,1
himalayas::https://himalayas.app/companies/compass-group-usa/jobs/senior-power-bi-developer-remote-tx-us-remote,problem_solving,description_text,problem-solving,1
himalayas::https://himalayas.app/companies/compass-group-usa/jobs/senior-power-bi-developer-remote-tx-us-remote,business_acumen,description_text,business acumen,1
himalayas::https://himalayas.app/companies/blanc-labs/jobs/data-engineer,sql,description_text,SQL,1
himalayas::https://himalayas.app/companies/blanc-labs/jobs/data-engineer,python,description_text,Python,1
himalayas::https://himalayas.app/companies/blanc-labs/jobs/data-engineer,etl_elt,description_text|tags,ELT|ETL,2
himalayas::https://himalayas.app/companies/blanc-labs/jobs/data-engineer,airflow,description_text,Airflow,1
himalayas::https://himalayas.app/companies/blanc-labs/jobs/data-engineer,spark,description_text,Apache Spark|Spark,1
himalayas::https://himalayas.app/companies/blanc-labs/jobs/data-engineer,databricks,description_text,Databricks,1
himalayas::https://himalayas.app/companies/blanc-labs/jobs/data-engineer,data_modeling,description_text,data modeling,1
himalayas::https://himalayas.app/companies/blanc-labs/jobs/data-engineer,data_warehousing,description_text,data warehousing,1
himalayas::https://himalayas.app/companies/blanc-labs/jobs/data-engineer,aws,description_text,AWS,1
himalayas::https://himalayas.app/companies/blanc-labs/jobs/data-engineer,azure,description_text,Azure,1
himalayas::https://himalayas.app/companies/blanc-labs/jobs/data-engineer,data_governance,description_text,data governance,1
himalayas::https://himalayas.app/companies/blanc-labs/jobs/data-engineer,data_quality,description_text,data quality,1
himalayas::https://himalayas.app/companies/blanc-labs/jobs/data-engineer,communication,description_text,communication skills,1
himalayas::https://himalayas.app/companies/blanc-labs/jobs/data-engineer,problem_solving,description_text,problem-solving,1
himalayas::https://himalayas.app/companies/keyrus/jobs/business-analyst-data-analytics-transformation,sql,description_text,SQL,1
himalayas::https://himalayas.app/companies/keyrus/jobs/business-analyst-data-analytics-transformation,data_warehousing,description_text,data warehouse,1
himalayas::https://himalayas.app/companies/keyrus/jobs/business-analyst-data-analytics-transformation,google_cloud,description_text,GCP|Google Cloud|Google Cloud Platform,1
himalayas::https://himalayas.app/companies/keyrus/jobs/business-analyst-data-analytics-transformation,data_quality,description_text,data quality,1
himalayas::https://himalayas.app/companies/keyrus/jobs/business-analyst-data-analytics-transformation,jira,description_text,Jira,1
himalayas::https://himalayas.app/companies/keyrus/jobs/business-analyst-data-analytics-transformation,communication,description_text,communication skills|written communication,1
himalayas::https://himalayas.app/companies/keyrus/jobs/business-analyst-data-analytics-transformation,problem_solving,description_text,problem-solving,1
himalayas::https://himalayas.app/companies/ab-inbev/jobs/senior-data-analyst,sql,description_text,SQL,1
himalayas::https://himalayas.app/companies/ab-inbev/jobs/senior-data-analyst,python,description_text,Python,1
himalayas::https://himalayas.app/companies/ab-inbev/jobs/senior-data-analyst,power_bi,description_text,Power BI,1
himalayas::https://himalayas.app/companies/ab-inbev/jobs/senior-data-analyst,dax,description_text,DAX,1
himalayas::https://himalayas.app/companies/ab-inbev/jobs/senior-data-analyst,dashboarding,description_text,dashboard|dashboards,1
himalayas::https://himalayas.app/companies/ab-inbev/jobs/senior-data-analyst,data_visualization,description_text,visualization,1
himalayas::https://himalayas.app/companies/ab-inbev/jobs/senior-data-analyst,spark,description_text,PySpark,1
himalayas::https://himalayas.app/companies/ab-inbev/jobs/senior-data-analyst,databricks,description_text,Azure Databricks|Databricks,1
himalayas::https://himalayas.app/companies/ab-inbev/jobs/senior-data-analyst,data_modeling,description_text,data modeling,1
himalayas::https://himalayas.app/companies/ab-inbev/jobs/senior-data-analyst,ci_cd,description_text,CI/CD,1
himalayas::https://himalayas.app/companies/ab-inbev/jobs/senior-data-analyst,azure,description_text,Azure,1
himalayas::https://himalayas.app/companies/ab-inbev/jobs/senior-data-analyst,statistics,description_text,hypothesis testing,1
himalayas::https://himalayas.app/companies/ab-inbev/jobs/senior-data-analyst,data_quality,description_text,data quality,1
himalayas::https://himalayas.app/companies/ab-inbev/jobs/senior-data-analyst,git,description_text,Git,1
himalayas::https://himalayas.app/companies/ab-inbev/jobs/senior-data-analyst,stakeholder_management,description_text,stakeholder management,1
himalayas::https://himalayas.app/companies/ab-inbev/jobs/senior-data-analyst,problem_solving,description_text,problem-solving,1
himalayas::https://himalayas.app/companies/reality-defender/jobs/data-engineer,sql,description_text,SQL,1
himalayas::https://himalayas.app/companies/reality-defender/jobs/data-engineer,python,description_text,Python,1
himalayas::https://himalayas.app/companies/reality-defender/jobs/data-engineer,etl_elt,description_text,ELT|ETL,1
himalayas::https://himalayas.app/companies/reality-defender/jobs/data-engineer,airflow,description_text,Airflow,1
himalayas::https://himalayas.app/companies/reality-defender/jobs/data-engineer,spark,description_text,Spark,1
himalayas::https://himalayas.app/companies/reality-defender/jobs/data-engineer,apis,description_text,API,1
himalayas::https://himalayas.app/companies/reality-defender/jobs/data-engineer,kubernetes,description_text,Kubernetes,1
himalayas::https://himalayas.app/companies/reality-defender/jobs/data-engineer,aws,description_text,AWS,1
himalayas::https://himalayas.app/companies/reality-defender/jobs/data-engineer,machine_learning,description_text,machine learning,1
himalayas::https://himalayas.app/companies/reality-defender/jobs/data-engineer,data_quality,description_text,data validation,1
himalayas::https://himalayas.app/companies/compass-group-usa/jobs/senior-business-intelligence-analyst-power-bi-remote-ga-us-remote,sql,description_text,SQL,1
himalayas::https://himalayas.app/companies/compass-group-usa/jobs/senior-business-intelligence-analyst-power-bi-remote-ga-us-remote,power_bi,description_text|job_title_raw,Power BI,2
himalayas::https://himalayas.app/companies/compass-group-usa/jobs/senior-business-intelligence-analyst-power-bi-remote-ga-us-remote,dax,description_text,DAX,1
himalayas::https://himalayas.app/companies/compass-group-usa/jobs/senior-business-intelligence-analyst-power-bi-remote-ga-us-remote,power_query,description_text,Power Query,1
himalayas::https://himalayas.app/companies/compass-group-usa/jobs/senior-business-intelligence-analyst-power-bi-remote-ga-us-remote,dashboarding,description_text,dashboard|dashboards,1
himalayas::https://himalayas.app/companies/compass-group-usa/jobs/senior-business-intelligence-analyst-power-bi-remote-ga-us-remote,data_visualization,description_text,data visualization|visualization,1
himalayas::https://himalayas.app/companies/compass-group-usa/jobs/senior-business-intelligence-analyst-power-bi-remote-ga-us-remote,data_quality,description_text,data quality,1
himalayas::https://himalayas.app/companies/compass-group-usa/jobs/senior-business-intelligence-analyst-power-bi-remote-ga-us-remote,business_acumen,description_text,business acumen,1
himalayas::https://himalayas.app/companies/option/jobs/data-scientist,sql,description_text,SQL,1
himalayas::https://himalayas.app/companies/option/jobs/data-scientist,python,description_text,Python,1
himalayas::https://himalayas.app/companies/option/jobs/data-scientist,excel,description_text,Excel,1
himalayas::https://himalayas.app/companies/option/jobs/data-scientist,data_visualization,description_text,data visualization|visualization,1
himalayas::https://himalayas.app/companies/option/jobs/data-scientist,aws,description_text,AWS,1
himalayas::https://himalayas.app/companies/option/jobs/data-scientist,azure,description_text,Azure,1
himalayas::https://himalayas.app/companies/option/jobs/data-scientist,google_cloud,description_text,GCP,1
himalayas::https://himalayas.app/companies/option/jobs/data-scientist,forecasting,description_text,time series,1
himalayas::https://himalayas.app/companies/option/jobs/data-scientist,ab_testing,description_text,A/B testing,1
himalayas::https://himalayas.app/companies/option/jobs/data-scientist,machine_learning,description_text,machine learning|predictive modeling,1
himalayas::https://himalayas.app/companies/option/jobs/data-scientist,git,description_text,Git,1
himalayas::https://himalayas.app/companies/projxon/jobs/marketing-data-analyst-intern,excel,description_text,Excel,1
himalayas::https://himalayas.app/companies/projxon/jobs/marketing-data-analyst-intern,power_bi,description_text,Power BI,1
himalayas::https://himalayas.app/companies/projxon/jobs/marketing-data-analyst-intern,tableau,description_text,Tableau,1
himalayas::https://himalayas.app/companies/projxon/jobs/marketing-data-analyst-intern,dashboarding,description_text,dashboards,1
himalayas::https://himalayas.app/companies/projxon/jobs/marketing-data-analyst-intern,data_visualization,description_text,data visualization|visualization,1
himalayas::https://himalayas.app/companies/projxon/jobs/marketing-data-analyst-intern,problem_solving,description_text,problem-solving,1
himalayas::https://himalayas.app/companies/tractian/jobs/data-scientist,python,description_text,Python,1
himalayas::https://himalayas.app/companies/tractian/jobs/data-scientist,data_visualization,description_text,data visualization|visualization,1
himalayas::https://himalayas.app/companies/tractian/jobs/data-scientist,pandas,description_text,pandas,1
himalayas::https://himalayas.app/companies/tractian/jobs/data-scientist,numpy,description_text,NumPy,1
himalayas::https://himalayas.app/companies/tractian/jobs/data-scientist,scikit_learn,description_text,scikit-learn,1
himalayas::https://himalayas.app/companies/tractian/jobs/data-scientist,machine_learning,description_text,machine learning,1
himalayas::https://himalayas.app/companies/tractian/jobs/data-scientist,problem_solving,description_text,problem-solving,1
himalayas::https://himalayas.app/companies/sand-technologies/jobs/senior-data-scientist,statistics,description_text,statistics,1
himalayas::https://himalayas.app/companies/sand-technologies/jobs/senior-data-scientist,forecasting,description_text,forecasting,1
himalayas::https://himalayas.app/companies/sand-technologies/jobs/senior-data-scientist,machine_learning,description_text,machine learning|predictive modelling,1
himalayas::https://himalayas.app/companies/sand-technologies/jobs/senior-data-scientist,communication,description_text,communication skills,1
himalayas::https://himalayas.app/companies/comfrt/jobs/finance-data-analytics-manager,sql,description_text,SQL,1
himalayas::https://himalayas.app/companies/comfrt/jobs/finance-data-analytics-manager,dashboarding,description_text,dashboards,1
himalayas::https://himalayas.app/companies/comfrt/jobs/finance-data-analytics-manager,etl_elt,description_text,ETL,1
himalayas::https://himalayas.app/companies/comfrt/jobs/finance-data-analytics-manager,bigquery,description_text,BigQuery|Google BigQuery,1
himalayas::https://himalayas.app/companies/comfrt/jobs/finance-data-analytics-manager,forecasting,description_text,forecasting,1
himalayas::https://himalayas.app/companies/comfrt/jobs/finance-data-analytics-manager,data_governance,description_text,data governance,1
himalayas::https://himalayas.app/companies/comfrt/jobs/finance-data-analytics-manager,data_quality,description_text,data quality,1
himalayas::https://himalayas.app/companies/comfrt/jobs/finance-data-analytics-manager,communication,description_text,communication skills,1
himalayas::https://himalayas.app/companies/blend360/jobs/data-engineer-manager-8332522417,databricks,description_text,Databricks,1
himalayas::https://himalayas.app/companies/blend360/jobs/data-engineer-manager-8332522417,data_modeling,description_text,data modeling,1
himalayas::https://himalayas.app/companies/blend360/jobs/data-engineer-manager-8332522417,snowflake,description_text,Snowflake,1
himalayas::https://himalayas.app/companies/blend360/jobs/data-engineer-manager-8332522417,aws,description_text,AWS,1
himalayas::https://himalayas.app/companies/blend360/jobs/data-engineer-manager-8332522417,data_quality,description_text,data quality,1
himalayas::https://himalayas.app/companies/blend360/jobs/data-engineer-manager-8332522417,git,description_text,GitHub,1
himalayas::https://himalayas.app/companies/dick-s-sporting-goods/jobs/retail-media-reporting-insights-analyst,power_bi,description_text,Power BI,1
himalayas::https://himalayas.app/companies/dick-s-sporting-goods/jobs/retail-media-reporting-insights-analyst,qlik,description_text,Qlik,1
himalayas::https://himalayas.app/companies/dick-s-sporting-goods/jobs/retail-media-reporting-insights-analyst,data_quality,description_text,data quality,1
himalayas::https://himalayas.app/companies/algomarketing/jobs/marketing-data-operations-analyst-us-east-coast-34923991,sql,description_text,SQL,1
himalayas::https://himalayas.app/companies/algomarketing/jobs/marketing-data-operations-analyst-us-east-coast-34923991,dashboarding,description_text,dashboard,1
himalayas::https://himalayas.app/companies/algomarketing/jobs/marketing-data-operations-analyst-us-east-coast-34923991,data_warehousing,description_text,data warehouse|data warehouses,1
himalayas::https://himalayas.app/companies/algomarketing/jobs/marketing-data-operations-analyst-us-east-coast-34923991,data_quality,description_text,data quality,1
himalayas::https://himalayas.app/companies/algomarketing/jobs/marketing-data-operations-analyst-us-east-coast-34923991,communication,description_text,communication skills,1
himalayas::https://himalayas.app/companies/algomarketing/jobs/marketing-data-operations-analyst-us-east-coast-34923991,problem_solving,description_text,problem-solving,1
himalayas::https://himalayas.app/companies/florida-cancer-specialists-research-institute/jobs/lead-business-analyst-8643135946,sql,description_text,SQL,1
himalayas::https://himalayas.app/companies/florida-cancer-specialists-research-institute/jobs/lead-business-analyst-8643135946,data_warehousing,description_text,data warehouse,1
himalayas::https://himalayas.app/companies/florida-cancer-specialists-research-institute/jobs/lead-business-analyst-8643135946,statistics,description_text,statistical analysis,1
himalayas::https://himalayas.app/companies/florida-cancer-specialists-research-institute/jobs/lead-business-analyst-8643135946,data_governance,description_text,data governance,1
himalayas::https://himalayas.app/companies/florida-cancer-specialists-research-institute/jobs/lead-business-analyst-8643135946,data_quality,description_text,data quality,1
himalayas::https://himalayas.app/companies/florida-cancer-specialists-research-institute/jobs/lead-business-analyst-8643135946,communication,description_text,written communication,1
himalayas::https://himalayas.app/companies/florida-cancer-specialists-research-institute/jobs/lead-business-analyst-8643135946,problem_solving,description_text,problem-solving,1
himalayas::https://himalayas.app/companies/applaudo-studios/jobs/senior-data-engineer-ai-data-platform,sql,description_text,SQL,1
himalayas::https://himalayas.app/companies/applaudo-studios/jobs/senior-data-engineer-ai-data-platform,dbt,description_text,dbt,1
himalayas::https://himalayas.app/companies/applaudo-studios/jobs/senior-data-engineer-ai-data-platform,etl_elt,description_text|tags,ETL,2
himalayas::https://himalayas.app/companies/applaudo-studios/jobs/senior-data-engineer-ai-data-platform,data_warehousing,description_text,data warehouse,1
himalayas::https://himalayas.app/companies/applaudo-studios/jobs/senior-data-engineer-ai-data-platform,snowflake,description_text|tags,Snowflake,2
himalayas::https://himalayas.app/companies/applaudo-studios/jobs/senior-data-engineer-ai-data-platform,postgresql,description_text,PostgreSQL,1
himalayas::https://himalayas.app/companies/applaudo-studios/jobs/senior-data-engineer-ai-data-platform,aws,description_text,AWS,1
himalayas::https://himalayas.app/companies/applaudo-studios/jobs/senior-data-engineer-ai-data-platform,git,description_text,Git,1
himalayas::https://himalayas.app/companies/applaudo-studios/jobs/senior-data-engineer-ai-data-platform,communication,description_text,communication skills,1
himalayas::https://himalayas.app/companies/applaudo-studios/jobs/senior-data-engineer-ai-data-platform,problem_solving,description_text,problem-solving,1
himalayas::https://himalayas.app/companies/omnidian/jobs/senior-data-scientist,sql,description_text,SQL,1
himalayas::https://himalayas.app/companies/omnidian/jobs/senior-data-scientist,python,description_text,Python,1
himalayas::https://himalayas.app/companies/omnidian/jobs/senior-data-scientist,pandas,description_text,pandas,1
himalayas::https://himalayas.app/companies/omnidian/jobs/senior-data-scientist,numpy,description_text,NumPy,1
himalayas::https://himalayas.app/companies/omnidian/jobs/senior-data-scientist,scikit_learn,description_text,scikit-learn,1
himalayas::https://himalayas.app/companies/omnidian/jobs/senior-data-scientist,databricks,description_text,Databricks,1
himalayas::https://himalayas.app/companies/omnidian/jobs/senior-data-scientist,aws,description_text,AWS,1
himalayas::https://himalayas.app/companies/omnidian/jobs/senior-data-scientist,azure,description_text,Azure,1
himalayas::https://himalayas.app/companies/omnidian/jobs/senior-data-scientist,forecasting,description_text,forecasting,1
himalayas::https://himalayas.app/companies/omnidian/jobs/senior-data-scientist,machine_learning,description_text,machine learning,1
himalayas::https://himalayas.app/companies/omnidian/jobs/senior-data-scientist,communication,description_text,communication skills|verbal communication,1
himalayas::https://himalayas.app/companies/codest-ltd-company-no-12590542-vat-number-gb363431020/jobs/data-engineer-7684786595,sql,description_text,SQL,1
himalayas::https://himalayas.app/companies/codest-ltd-company-no-12590542-vat-number-gb363431020/jobs/data-engineer-7684786595,python,description_text,Python,1
himalayas::https://himalayas.app/companies/codest-ltd-company-no-12590542-vat-number-gb363431020/jobs/data-engineer-7684786595,looker,description_text,Looker,1
himalayas::https://himalayas.app/companies/codest-ltd-company-no-12590542-vat-number-gb363431020/jobs/data-engineer-7684786595,dbt,description_text,dbt,1
himalayas::https://himalayas.app/companies/codest-ltd-company-no-12590542-vat-number-gb363431020/jobs/data-engineer-7684786595,airflow,description_text,Airflow|Apache Airflow,1
himalayas::https://himalayas.app/companies/codest-ltd-company-no-12590542-vat-number-gb363431020/jobs/data-engineer-7684786595,bigquery,description_text,BigQuery,1
himalayas::https://himalayas.app/companies/codest-ltd-company-no-12590542-vat-number-gb363431020/jobs/data-engineer-7684786595,google_cloud,description_text,GCP|Google Cloud|Google Cloud Platform,1
himalayas::https://himalayas.app/companies/codest-ltd-company-no-12590542-vat-number-gb363431020/jobs/data-engineer-7684786595,machine_learning,description_text,machine learning,1
himalayas::https://himalayas.app/companies/codest-ltd-company-no-12590542-vat-number-gb363431020/jobs/data-engineer-7684786595,git,description_text,Git|GitHub,1
himalayas::https://himalayas.app/companies/sigma-software-e561c036-16e4-4b2c-aa28-a33af9f3750b/jobs/senior-data-engineer-5012724321,sql,description_text,SQL,1
himalayas::https://himalayas.app/companies/sigma-software-e561c036-16e4-4b2c-aa28-a33af9f3750b/jobs/senior-data-engineer-5012724321,spark,description_text,Apache Spark|Spark,1
himalayas::https://himalayas.app/companies/sigma-software-e561c036-16e4-4b2c-aa28-a33af9f3750b/jobs/senior-data-engineer-5012724321,data_modeling,description_text,data modelling,1
himalayas::https://himalayas.app/companies/sigma-software-e561c036-16e4-4b2c-aa28-a33af9f3750b/jobs/senior-data-engineer-5012724321,apis,description_text,APIs,1
himalayas::https://himalayas.app/companies/sigma-software-e561c036-16e4-4b2c-aa28-a33af9f3750b/jobs/senior-data-engineer-5012724321,google_cloud,description_text,GCP,1
himalayas::https://himalayas.app/companies/sigma-software-e561c036-16e4-4b2c-aa28-a33af9f3750b/jobs/senior-data-engineer-5012724321,data_quality,description_text,data quality,1
himalayas::https://himalayas.app/companies/sigma-software-e561c036-16e4-4b2c-aa28-a33af9f3750b/jobs/senior-data-engineer-5012724321,communication,description_text,communication skills,1
himalayas::https://himalayas.app/companies/swish-analytics/jobs/data-engineer,sql,description_text,SQL,1
himalayas::https://himalayas.app/companies/swish-analytics/jobs/data-engineer,python,description_text,Python,1
himalayas::https://himalayas.app/companies/swish-analytics/jobs/data-engineer,etl_elt,description_text|tags,ETL,2
himalayas::https://himalayas.app/companies/swish-analytics/jobs/data-engineer,airflow,description_text,Airflow,1
himalayas::https://himalayas.app/companies/swish-analytics/jobs/data-engineer,apis,description_text,APIs,1
himalayas::https://himalayas.app/companies/swish-analytics/jobs/data-engineer,ci_cd,description_text,continuous integration,1
himalayas::https://himalayas.app/companies/swish-analytics/jobs/data-engineer,kubernetes,description_text,Kubernetes,1
himalayas::https://himalayas.app/companies/swish-analytics/jobs/data-engineer,mysql,description_text,MySQL,1
himalayas::https://himalayas.app/companies/swish-analytics/jobs/data-engineer,aws,description_text,AWS,1
himalayas::https://himalayas.app/companies/swish-analytics/jobs/data-engineer,machine_learning,description_text,machine learning,1
himalayas::https://himalayas.app/companies/swish-analytics/jobs/data-engineer,git,description_text,Git,1
himalayas::https://himalayas.app/companies/attain-finance/jobs/senior-data-scientist,sql,description_text,SQL,1
himalayas::https://himalayas.app/companies/attain-finance/jobs/senior-data-scientist,python,description_text,Python,1
himalayas::https://himalayas.app/companies/attain-finance/jobs/senior-data-scientist,snowflake,description_text,Snowflake,1
himalayas::https://himalayas.app/companies/attain-finance/jobs/senior-data-scientist,statistics,description_text,statistical modeling|statistics,1
himalayas::https://himalayas.app/companies/attain-finance/jobs/senior-data-scientist,machine_learning,description_text,machine learning,1
himalayas::https://himalayas.app/companies/attain-finance/jobs/senior-data-scientist,data_quality,description_text,quality assurance,1
himalayas::https://himalayas.app/companies/attain-finance/jobs/senior-data-scientist,git,description_text,Git,1
himalayas::https://himalayas.app/companies/attain-finance/jobs/senior-data-scientist,problem_solving,description_text,problem-solving,1
himalayas::https://himalayas.app/companies/attain-finance/jobs/senior-data-scientist,business_acumen,description_text,business acumen,1
himalayas::https://himalayas.app/companies/binance/jobs/senior-data-analyst-trading,sql,description_text,SQL,1
himalayas::https://himalayas.app/companies/binance/jobs/senior-data-analyst-trading,python,description_text,Python,1
himalayas::https://himalayas.app/companies/binance/jobs/senior-data-analyst-trading,power_bi,description_text,PowerBI,1
himalayas::https://himalayas.app/companies/binance/jobs/senior-data-analyst-trading,tableau,description_text,Tableau,1
himalayas::https://himalayas.app/companies/binance/jobs/senior-data-analyst-trading,qlik,description_text,QlikView,1
himalayas::https://himalayas.app/companies/binance/jobs/senior-data-analyst-trading,data_visualization,description_text,data visualisation|visualisation,1
himalayas::https://himalayas.app/companies/binance/jobs/senior-data-analyst-trading,machine_learning,description_text,machine learning,1
himalayas::https://himalayas.app/companies/binance/jobs/senior-data-analyst-trading,sas,description_text,SAS,1
himalayas::https://himalayas.app/companies/mutual-of-omaha/jobs/data-scientist-1857961471,sql,description_text,SQL,1
himalayas::https://himalayas.app/companies/mutual-of-omaha/jobs/data-scientist-1857961471,python,description_text,Python,1
himalayas::https://himalayas.app/companies/mutual-of-omaha/jobs/data-scientist-1857961471,spark,description_text,Spark,1
himalayas::https://himalayas.app/companies/mutual-of-omaha/jobs/data-scientist-1857961471,ci_cd,description_text,CI/CD,1
himalayas::https://himalayas.app/companies/mutual-of-omaha/jobs/data-scientist-1857961471,aws,description_text,AWS,1
himalayas::https://himalayas.app/companies/mutual-of-omaha/jobs/data-scientist-1857961471,statistics,description_text,statistical analysis|statistical modeling,1
himalayas::https://himalayas.app/companies/mutual-of-omaha/jobs/data-scientist-1857961471,machine_learning,description_text,machine learning,1
himalayas::https://himalayas.app/companies/mutual-of-omaha/jobs/data-scientist-1857961471,git,description_text,GitHub,1
himalayas::https://himalayas.app/companies/mission-lane/jobs/senior-data-scientist-credit,pandas,description_text,pandas,1
himalayas::https://himalayas.app/companies/mission-lane/jobs/senior-data-scientist-credit,numpy,description_text,NumPy,1
himalayas::https://himalayas.app/companies/mission-lane/jobs/senior-data-scientist-credit,scikit_learn,description_text,scikit-learn,1
himalayas::https://himalayas.app/companies/mission-lane/jobs/senior-data-scientist-credit,airflow,description_text,Airflow,1
himalayas::https://himalayas.app/companies/mission-lane/jobs/senior-data-scientist-credit,spark,description_text,Spark,1
himalayas::https://himalayas.app/companies/mission-lane/jobs/senior-data-scientist-credit,kubernetes,description_text,Kubernetes,1
himalayas::https://himalayas.app/companies/mission-lane/jobs/senior-data-scientist-credit,forecasting,description_text,time series,1
himalayas::https://himalayas.app/companies/mission-lane/jobs/senior-data-scientist-credit,machine_learning,description_text,machine learning,1
himalayas::https://himalayas.app/companies/centurylink/jobs/senior-data-scientist-remote-us,sql,description_text,SQL,1
himalayas::https://himalayas.app/companies/centurylink/jobs/senior-data-scientist-remote-us,python,description_text,Python,1
himalayas::https://himalayas.app/companies/centurylink/jobs/senior-data-scientist-remote-us,power_bi,description_text,Power BI,1
himalayas::https://himalayas.app/companies/centurylink/jobs/senior-data-scientist-remote-us,data_visualization,description_text,visualization,1
himalayas::https://himalayas.app/companies/centurylink/jobs/senior-data-scientist-remote-us,spark,description_text,PySpark|Spark,1
himalayas::https://himalayas.app/companies/centurylink/jobs/senior-data-scientist-remote-us,databricks,description_text,Databricks,1
himalayas::https://himalayas.app/companies/centurylink/jobs/senior-data-scientist-remote-us,statistics,description_text,statistical analysis,1
himalayas::https://himalayas.app/companies/centurylink/jobs/senior-data-scientist-remote-us,forecasting,description_text,forecasting,1
himalayas::https://himalayas.app/companies/centurylink/jobs/senior-data-scientist-remote-us,machine_learning,description_text,machine learning|predictive modeling,1
himalayas::https://himalayas.app/companies/centurylink/jobs/senior-data-scientist-remote-us,data_quality,description_text,data quality,1
himalayas::https://himalayas.app/companies/centurylink/jobs/senior-data-scientist-remote-us,communication,description_text,communication skills,1
himalayas::https://himalayas.app/companies/centurylink/jobs/senior-data-scientist-remote-us,problem_solving,description_text,problem-solving,1
himalayas::https://himalayas.app/companies/concentrix/jobs/bi-developer,sql,description_text,SQL,1
himalayas::https://himalayas.app/companies/concentrix/jobs/bi-developer,power_bi,description_text,Power BI,1
himalayas::https://himalayas.app/companies/concentrix/jobs/bi-developer,dax,description_text,Data Analysis Expressions|DAX,1
himalayas::https://himalayas.app/companies/concentrix/jobs/bi-developer,power_query,description_text,M language|Power Query,1
himalayas::https://himalayas.app/companies/concentrix/jobs/bi-developer,microsoft_fabric,description_text,Fabric|Microsoft Fabric,1
himalayas::https://himalayas.app/companies/concentrix/jobs/bi-developer,dashboarding,description_text,dashboard|dashboards,1
himalayas::https://himalayas.app/companies/concentrix/jobs/bi-developer,data_visualization,description_text,data visualization|visualization,1
himalayas::https://himalayas.app/companies/concentrix/jobs/bi-developer,etl_elt,description_text,ELT|ETL,1
himalayas::https://himalayas.app/companies/concentrix/jobs/bi-developer,data_modeling,description_text,data modeling|star schema,1
himalayas::https://himalayas.app/companies/concentrix/jobs/bi-developer,snowflake,description_text,Snowflake,1
himalayas::https://himalayas.app/companies/concentrix/jobs/bi-developer,azure,description_text,Azure,1
himalayas::https://himalayas.app/companies/concentrix/jobs/bi-developer,forecasting,description_text,forecasting,1
himalayas::https://himalayas.app/companies/concentrix/jobs/bi-developer,data_governance,description_text,data governance,1
himalayas::https://himalayas.app/companies/concentrix/jobs/bi-developer,data_quality,description_text,data validation,1
himalayas::https://himalayas.app/companies/concentrix/jobs/bi-developer,stakeholder_management,description_text,stakeholder management,1
himalayas::https://himalayas.app/companies/concentrix/jobs/bi-developer,problem_solving,description_text,problem-solving,1
himalayas::https://himalayas.app/companies/capgemini-technology-services/jobs/fbs-data-engineer,sql,description_text,SQL,1
himalayas::https://himalayas.app/companies/capgemini-technology-services/jobs/fbs-data-engineer,python,description_text,Python,1
himalayas::https://himalayas.app/companies/capgemini-technology-services/jobs/fbs-data-engineer,dbt,description_text,data build tool|dbt,1
himalayas::https://himalayas.app/companies/capgemini-technology-services/jobs/fbs-data-engineer,etl_elt,description_text|tags,ETL,2
himalayas::https://himalayas.app/companies/capgemini-technology-services/jobs/fbs-data-engineer,databricks,description_text|tags,Databricks,2
himalayas::https://himalayas.app/companies/capgemini-technology-services/jobs/fbs-data-engineer,data_modeling,description_text,data modeling,1
himalayas::https://himalayas.app/companies/capgemini-technology-services/jobs/fbs-data-engineer,data_warehousing,description_text,data warehousing,1
himalayas::https://himalayas.app/companies/capgemini-technology-services/jobs/fbs-data-engineer,apis,description_text,APIs,1
himalayas::https://himalayas.app/companies/capgemini-technology-services/jobs/fbs-data-engineer,snowflake,description_text,Snowflake,1
himalayas::https://himalayas.app/companies/capgemini-technology-services/jobs/fbs-data-engineer,bigquery,description_text,BigQuery,1
himalayas::https://himalayas.app/companies/capgemini-technology-services/jobs/fbs-data-engineer,redshift,description_text,Redshift,1
himalayas::https://himalayas.app/companies/capgemini-technology-services/jobs/fbs-data-engineer,data_governance,description_text,data governance,1
himalayas::https://himalayas.app/companies/capgemini-technology-services/jobs/fbs-data-engineer,data_quality,description_text,data quality|data validation|quality assurance,1
himalayas::https://himalayas.app/companies/capgemini-technology-services/jobs/fbs-data-engineer,stakeholder_management,description_text,stakeholder management,1
himalayas::https://himalayas.app/companies/sun-king/jobs/data-scientist,sql,description_text,SQL,1
himalayas::https://himalayas.app/companies/sun-king/jobs/data-scientist,python,description_text,Python,1
himalayas::https://himalayas.app/companies/sun-king/jobs/data-scientist,pandas,description_text,pandas,1
himalayas::https://himalayas.app/companies/sun-king/jobs/data-scientist,numpy,description_text,NumPy,1
himalayas::https://himalayas.app/companies/sun-king/jobs/data-scientist,scikit_learn,description_text,scikit-learn,1
himalayas::https://himalayas.app/companies/sun-king/jobs/data-scientist,data_warehousing,description_text,data warehouses,1
himalayas::https://himalayas.app/companies/sun-king/jobs/data-scientist,snowflake,description_text,Snowflake,1
himalayas::https://himalayas.app/companies/sun-king/jobs/data-scientist,bigquery,description_text,BigQuery,1
himalayas::https://himalayas.app/companies/sun-king/jobs/data-scientist,redshift,description_text,Redshift,1
himalayas::https://himalayas.app/companies/sun-king/jobs/data-scientist,aws,description_text,AWS,1
himalayas::https://himalayas.app/companies/sun-king/jobs/data-scientist,statistics,description_text,hypothesis testing|statistical analysis|statistics,1
himalayas::https://himalayas.app/companies/sun-king/jobs/data-scientist,forecasting,description_text,forecasting,1
himalayas::https://himalayas.app/companies/sun-king/jobs/data-scientist,ab_testing,description_text,A/B testing,1
himalayas::https://himalayas.app/companies/sun-king/jobs/data-scientist,machine_learning,description_text,machine learning,1
himalayas::https://himalayas.app/companies/ledgebrook/jobs/data-analyst-data-excellence,sql,description_text,SQL,1
himalayas::https://himalayas.app/companies/ledgebrook/jobs/data-analyst-data-excellence,python,description_text,Python,1
himalayas::https://himalayas.app/companies/ledgebrook/jobs/data-analyst-data-excellence,excel,description_text,Excel,1
himalayas::https://himalayas.app/companies/ledgebrook/jobs/data-analyst-data-excellence,power_bi,description_text,Power BI,1
himalayas::https://himalayas.app/companies/ledgebrook/jobs/data-analyst-data-excellence,tableau,description_text,Tableau,1
himalayas::https://himalayas.app/companies/ledgebrook/jobs/data-analyst-data-excellence,looker,description_text,Looker,1
himalayas::https://himalayas.app/companies/ledgebrook/jobs/data-analyst-data-excellence,power_query,description_text,Power Query,1
himalayas::https://himalayas.app/companies/ledgebrook/jobs/data-analyst-data-excellence,data_visualization,description_text,data visualization|visualization,1
himalayas::https://himalayas.app/companies/ledgebrook/jobs/data-analyst-data-excellence,snowflake,description_text,Snowflake,1
himalayas::https://himalayas.app/companies/ledgebrook/jobs/data-analyst-data-excellence,jira,description_text,Jira,1
himalayas::https://himalayas.app/companies/smartsheet/jobs/sr-revenue-operations-analyst-insights-1994728468,sql,description_text,SQL,1
himalayas::https://himalayas.app/companies/smartsheet/jobs/sr-revenue-operations-analyst-insights-1994728468,power_bi,description_text,PowerBI,1
himalayas::https://himalayas.app/companies/smartsheet/jobs/sr-revenue-operations-analyst-insights-1994728468,tableau,description_text,Tableau,1
himalayas::https://himalayas.app/companies/smartsheet/jobs/sr-revenue-operations-analyst-insights-1994728468,looker,description_text,Looker,1
himalayas::https://himalayas.app/companies/smartsheet/jobs/sr-revenue-operations-analyst-insights-1994728468,data_visualization,description_text,visualization,1
himalayas::https://himalayas.app/companies/smartsheet/jobs/sr-revenue-operations-analyst-insights-1994728468,forecasting,description_text,time series,1
himalayas::https://himalayas.app/companies/claroty/jobs/revops-data-analyst,sql,description_text,SQL,1
himalayas::https://himalayas.app/companies/claroty/jobs/revops-data-analyst,power_bi,description_text,PowerBI,1
himalayas::https://himalayas.app/companies/claroty/jobs/revops-data-analyst,tableau,description_text,Tableau,1
himalayas::https://himalayas.app/companies/claroty/jobs/revops-data-analyst,looker,description_text,Looker,1
himalayas::https://himalayas.app/companies/claroty/jobs/revops-data-analyst,dashboarding,description_text,dashboards,1
himalayas::https://himalayas.app/companies/claroty/jobs/revops-data-analyst,databricks,description_text,Databricks,1
himalayas::https://himalayas.app/companies/claroty/jobs/revops-data-analyst,data_modeling,description_text,data modeling,1
himalayas::https://himalayas.app/companies/claroty/jobs/revops-data-analyst,forecasting,description_text,forecasting,1
himalayas::https://himalayas.app/companies/claroty/jobs/revops-data-analyst,machine_learning,description_text,machine learning,1
himalayas::https://himalayas.app/companies/hightouch/jobs/forward-deployed-analytics-engineer,sql,description_text,SQL,1
himalayas::https://himalayas.app/companies/hightouch/jobs/forward-deployed-analytics-engineer,etl_elt,description_text,ELT|ETL,1
himalayas::https://himalayas.app/companies/hightouch/jobs/forward-deployed-analytics-engineer,databricks,description_text,Databricks,1
himalayas::https://himalayas.app/companies/hightouch/jobs/forward-deployed-analytics-engineer,data_warehousing,description_text,data warehouses,1
himalayas::https://himalayas.app/companies/hightouch/jobs/forward-deployed-analytics-engineer,snowflake,description_text,Snowflake,1
himalayas::https://himalayas.app/companies/hightouch/jobs/forward-deployed-analytics-engineer,communication,description_text,communication skills,1
himalayas::https://himalayas.app/companies/risk-strategies/jobs/business-analyst,dashboarding,description_text,dashboards,1
himalayas::https://himalayas.app/companies/nvelup-consulting/jobs/microsoft-power-bi-developer-4907065313,sql,description_text,SQL,1
himalayas::https://himalayas.app/companies/nvelup-consulting/jobs/microsoft-power-bi-developer-4907065313,power_bi,description_text|job_title_raw,Power BI,2
himalayas::https://himalayas.app/companies/nvelup-consulting/jobs/microsoft-power-bi-developer-4907065313,dashboarding,description_text,dashboards,1
himalayas::https://himalayas.app/companies/nvelup-consulting/jobs/microsoft-power-bi-developer-4907065313,data_visualization,description_text|tags,data visualization|visualization,2
himalayas::https://himalayas.app/companies/nvelup-consulting/jobs/microsoft-power-bi-developer-4907065313,etl_elt,description_text,ETL,1
himalayas::https://himalayas.app/companies/nvelup-consulting/jobs/microsoft-power-bi-developer-4907065313,data_modeling,description_text,data modeling,1
himalayas::https://himalayas.app/companies/nvelup-consulting/jobs/microsoft-power-bi-developer-4907065313,data_warehousing,description_text,data warehouse,1
himalayas::https://himalayas.app/companies/nvelup-consulting/jobs/microsoft-power-bi-developer-4907065313,communication,description_text,communication skills,1
himalayas::https://himalayas.app/companies/nvelup-consulting/jobs/microsoft-power-bi-developer-4907065313,problem_solving,description_text,problem-solving,1
himalayas::https://himalayas.app/companies/artemis-arc/jobs/data-analyst-specialty-care-programmatic-support,power_bi,description_text,Power BI,1
himalayas::https://himalayas.app/companies/artemis-arc/jobs/data-analyst-specialty-care-programmatic-support,tableau,description_text,Tableau,1
himalayas::https://himalayas.app/companies/artemis-arc/jobs/data-analyst-specialty-care-programmatic-support,dashboarding,description_text,dashboards,1
himalayas::https://himalayas.app/companies/artemis-arc/jobs/data-analyst-specialty-care-programmatic-support,data_warehousing,description_text,data warehouse,1
himalayas::https://himalayas.app/companies/artemis-arc/jobs/data-analyst-specialty-care-programmatic-support,data_quality,description_text,data quality,1
himalayas::https://himalayas.app/companies/artemis-arc/jobs/data-analyst-specialty-care-programmatic-support,communication,description_text,communication skills|verbal communication,1
himalayas::https://himalayas.app/companies/rekluti/jobs/data-engineer-2025-enc-st-000392,sql,description_text,SQL,1
himalayas::https://himalayas.app/companies/rekluti/jobs/data-engineer-2025-enc-st-000392,python,description_text,Python,1
himalayas::https://himalayas.app/companies/rekluti/jobs/data-engineer-2025-enc-st-000392,dbt,description_text,dbt,1
himalayas::https://himalayas.app/companies/rekluti/jobs/data-engineer-2025-enc-st-000392,etl_elt,description_text|tags,ELT|ETL,2
himalayas::https://himalayas.app/companies/rekluti/jobs/data-engineer-2025-enc-st-000392,airflow,description_text,Airflow,1
himalayas::https://himalayas.app/companies/rekluti/jobs/data-engineer-2025-enc-st-000392,spark,description_text,Spark,1
himalayas::https://himalayas.app/companies/rekluti/jobs/data-engineer-2025-enc-st-000392,data_warehousing,description_text,data warehouse,1
himalayas::https://himalayas.app/companies/rekluti/jobs/data-engineer-2025-enc-st-000392,google_cloud,description_text,GCP,1
himalayas::https://himalayas.app/companies/sedgwick/jobs/director-data-science,python,description_text,Python,1
himalayas::https://himalayas.app/companies/sedgwick/jobs/director-data-science,statistics,description_text,statistical modeling,1
himalayas::https://himalayas.app/companies/sedgwick/jobs/director-data-science,machine_learning,description_text,machine learning,1
himalayas::https://himalayas.app/companies/bcd-travel/jobs/manager-business-data-analyst-us-virtual-noam-2222518598,power_bi,description_text,Power BI,1
himalayas::https://himalayas.app/companies/bcd-travel/jobs/manager-business-data-analyst-us-virtual-noam-2222518598,tableau,description_text,Tableau,1
himalayas::https://himalayas.app/companies/bcd-travel/jobs/manager-business-data-analyst-us-virtual-noam-2222518598,databricks,description_text,Databricks,1
himalayas::https://himalayas.app/companies/infotree-global-solutions/jobs/data-engineer-gcp-python-sql-remote,sql,description_text|job_title_raw,SQL,2
himalayas::https://himalayas.app/companies/infotree-global-solutions/jobs/data-engineer-gcp-python-sql-remote,python,description_text|job_title_raw|tags,Python,3
himalayas::https://himalayas.app/companies/infotree-global-solutions/jobs/data-engineer-gcp-python-sql-remote,dbt,description_text,dbt,1
himalayas::https://himalayas.app/companies/infotree-global-solutions/jobs/data-engineer-gcp-python-sql-remote,etl_elt,description_text|tags,ETL,2
himalayas::https://himalayas.app/companies/infotree-global-solutions/jobs/data-engineer-gcp-python-sql-remote,airflow,description_text,Airflow|Apache Airflow,1
himalayas::https://himalayas.app/companies/infotree-global-solutions/jobs/data-engineer-gcp-python-sql-remote,data_warehousing,description_text,data warehouses,1
himalayas::https://himalayas.app/companies/infotree-global-solutions/jobs/data-engineer-gcp-python-sql-remote,bigquery,description_text,BigQuery,1
himalayas::https://himalayas.app/companies/infotree-global-solutions/jobs/data-engineer-gcp-python-sql-remote,google_cloud,description_text|job_title_raw|tags,GCP,3
himalayas::https://himalayas.app/companies/infotree-global-solutions/jobs/data-engineer-gcp-python-sql-remote,data_quality,description_text,data quality,1
himalayas::https://himalayas.app/companies/infotree-global-solutions/jobs/data-engineer-gcp-python-sql-remote,communication,description_text,communication skills,1
himalayas::https://himalayas.app/companies/infotree-global-solutions/jobs/data-engineer-gcp-python-sql-remote,problem_solving,description_text,problem-solving,1
himalayas::https://himalayas.app/companies/matrix-global/jobs/senior-data-scientist-lead-aml-financial-crime-analytics,dashboarding,description_text,dashboards,1
himalayas::https://himalayas.app/companies/matrix-global/jobs/senior-data-scientist-lead-aml-financial-crime-analytics,statistics,description_text,statistical analysis|statistical modeling,1
himalayas::https://himalayas.app/companies/matrix-global/jobs/senior-data-scientist-lead-aml-financial-crime-analytics,machine_learning,description_text,machine learning|predictive modeling,1
himalayas::https://himalayas.app/companies/matrix-global/jobs/senior-data-scientist-lead-aml-financial-crime-analytics,stakeholder_management,description_text,stakeholder management,1
himalayas::https://himalayas.app/companies/matrix-global/jobs/senior-data-scientist-lead-aml-financial-crime-analytics,communication,description_text,communication skills,1
himalayas::https://himalayas.app/companies/astreya/jobs/data-analyst-iii-5133988972,sql,description_text,SQL,1
himalayas::https://himalayas.app/companies/astreya/jobs/data-analyst-iii-5133988972,excel,description_text,Excel,1
himalayas::https://himalayas.app/companies/astreya/jobs/data-analyst-iii-5133988972,tableau,description_text,Tableau,1
himalayas::https://himalayas.app/companies/astreya/jobs/data-analyst-iii-5133988972,looker,description_text,Looker,1
himalayas::https://himalayas.app/companies/astreya/jobs/data-analyst-iii-5133988972,dashboarding,description_text,dashboards,1
himalayas::https://himalayas.app/companies/astreya/jobs/data-analyst-iii-5133988972,statistics,description_text,statistical modeling,1
himalayas::https://himalayas.app/companies/astreya/jobs/data-analyst-iii-5133988972,forecasting,description_text,forecasting,1
himalayas::https://himalayas.app/companies/astreya/jobs/data-analyst-iii-5133988972,data_quality,description_text,quality assurance,1
himalayas::https://himalayas.app/companies/astreya/jobs/data-analyst-iii-5133988972,communication,description_text,communication skills|written communication,1
himalayas::https://himalayas.app/companies/sedgwick/jobs/data-engineer,sql,description_text,SQL,1
himalayas::https://himalayas.app/companies/sedgwick/jobs/data-engineer,python,description_text,Python,1
himalayas::https://himalayas.app/companies/sedgwick/jobs/data-engineer,etl_elt,description_text|tags,ELT|ETL,2
himalayas::https://himalayas.app/companies/sedgwick/jobs/data-engineer,airflow,description_text,Airflow,1
himalayas::https://himalayas.app/companies/sedgwick/jobs/data-engineer,spark,description_text,PySpark,1
himalayas::https://himalayas.app/companies/sedgwick/jobs/data-engineer,data_modeling,description_text,data modeling,1
himalayas::https://himalayas.app/companies/sedgwick/jobs/data-engineer,docker,description_text,Docker,1
himalayas::https://himalayas.app/companies/sedgwick/jobs/data-engineer,snowflake,description_text,Snowflake,1
himalayas::https://himalayas.app/companies/sedgwick/jobs/data-engineer,sql_server,description_text,SQL Server,1
himalayas::https://himalayas.app/companies/sedgwick/jobs/data-engineer,aws,description_text,AWS,1
himalayas::https://himalayas.app/companies/sedgwick/jobs/data-engineer,azure,description_text,Azure,1
himalayas::https://himalayas.app/companies/sedgwick/jobs/data-engineer,machine_learning,description_text,machine learning,1
himalayas::https://himalayas.app/companies/sedgwick/jobs/data-engineer,data_quality,description_text,data quality,1
himalayas::https://himalayas.app/companies/sedgwick/jobs/data-engineer,problem_solving,description_text,problem solving,1
himalayas::https://himalayas.app/companies/ci-t/jobs/job-30263-ai-data-engineer-snowflake-cortex-engineer,sql,description_text,SQL,1
himalayas::https://himalayas.app/companies/ci-t/jobs/job-30263-ai-data-engineer-snowflake-cortex-engineer,python,description_text,Python,1
himalayas::https://himalayas.app/companies/ci-t/jobs/job-30263-ai-data-engineer-snowflake-cortex-engineer,data_modeling,description_text,data modelling,1
himalayas::https://himalayas.app/companies/ci-t/jobs/job-30263-ai-data-engineer-snowflake-cortex-engineer,snowflake,description_text|job_title_raw|tags,Snowflake,3
himalayas::https://himalayas.app/companies/ci-t/jobs/job-30263-ai-data-engineer-snowflake-cortex-engineer,data_governance,description_text,data governance,1
himalayas::https://himalayas.app/companies/ci-t/jobs/job-30263-ai-data-engineer-snowflake-cortex-engineer,data_quality,description_text,data quality,1
himalayas::https://himalayas.app/companies/zoom-communications-inc/jobs/data-scientist,sql,description_text,SQL,1
himalayas::https://himalayas.app/companies/zoom-communications-inc/jobs/data-scientist,python,description_text,Python,1
himalayas::https://himalayas.app/companies/zoom-communications-inc/jobs/data-scientist,dashboarding,description_text,dashboards,1
himalayas::https://himalayas.app/companies/zoom-communications-inc/jobs/data-scientist,pandas,description_text,pandas,1
himalayas::https://himalayas.app/companies/zoom-communications-inc/jobs/data-scientist,scikit_learn,description_text,scikit-learn,1
himalayas::https://himalayas.app/companies/zoom-communications-inc/jobs/data-scientist,dbt,description_text,dbt,1
himalayas::https://himalayas.app/companies/zoom-communications-inc/jobs/data-scientist,statistics,description_text,statistics,1
himalayas::https://himalayas.app/companies/zoom-communications-inc/jobs/data-scientist,data_quality,description_text,data quality,1
himalayas::https://himalayas.app/companies/humana/jobs/senior-finance-bi-engineer-3892474731,sql,description_text,SQL,1
himalayas::https://himalayas.app/companies/humana/jobs/senior-finance-bi-engineer-3892474731,power_bi,description_text,Power BI,1
himalayas::https://himalayas.app/companies/humana/jobs/senior-finance-bi-engineer-3892474731,dax,description_text,DAX,1
himalayas::https://himalayas.app/companies/humana/jobs/senior-finance-bi-engineer-3892474731,data_modeling,description_text,data modeling,1
himalayas::https://himalayas.app/companies/glint-tech-solutions-llc/jobs/data-engineer,sql,description_text,SQL,1
himalayas::https://himalayas.app/companies/glint-tech-solutions-llc/jobs/data-engineer,python,description_text,Python,1
himalayas::https://himalayas.app/companies/glint-tech-solutions-llc/jobs/data-engineer,etl_elt,description_text|tags,ELT|ETL,2
himalayas::https://himalayas.app/companies/glint-tech-solutions-llc/jobs/data-engineer,spark,description_text,Spark,1
himalayas::https://himalayas.app/companies/glint-tech-solutions-llc/jobs/data-engineer,data_modeling,description_text,data modeling,1
himalayas::https://himalayas.app/companies/glint-tech-solutions-llc/jobs/data-engineer,snowflake,description_text,Snowflake,1
himalayas::https://himalayas.app/companies/glint-tech-solutions-llc/jobs/data-engineer,bigquery,description_text,BigQuery,1
himalayas::https://himalayas.app/companies/glint-tech-solutions-llc/jobs/data-engineer,machine_learning,description_text,machine learning,1
himalayas::https://himalayas.app/companies/glint-tech-solutions-llc/jobs/data-engineer,data_quality,description_text,data quality,1
himalayas::https://himalayas.app/companies/reddit/jobs/principal-data-scientist-ads,sql,description_text,SQL,1
himalayas::https://himalayas.app/companies/reddit/jobs/principal-data-scientist-ads,python,description_text,Python,1
himalayas::https://himalayas.app/companies/reddit/jobs/principal-data-scientist-ads,statistics,description_text,statistical analysis|statistical modeling|statistics,1
himalayas::https://himalayas.app/companies/reddit/jobs/principal-data-scientist-ads,ab_testing,description_text,A/B testing,1
himalayas::https://himalayas.app/companies/reddit/jobs/principal-data-scientist-ads,machine_learning,description_text,machine learning,1
himalayas::https://himalayas.app/companies/reddit/jobs/principal-data-scientist-ads,communication,description_text,communication skills,1
himalayas::https://himalayas.app/companies/reddit/jobs/principal-data-scientist-ads,problem_solving,description_text,problem-solving,1
himalayas::https://himalayas.app/companies/questbridge/jobs/data-analyst,sql,description_text,SQL,1
himalayas::https://himalayas.app/companies/questbridge/jobs/data-analyst,python,description_text,Python,1
himalayas::https://himalayas.app/companies/questbridge/jobs/data-analyst,tableau,description_text,Tableau,1
himalayas::https://himalayas.app/companies/questbridge/jobs/data-analyst,dashboarding,description_text,dashboards,1
himalayas::https://himalayas.app/companies/questbridge/jobs/data-analyst,statistics,description_text,statistics,1
himalayas::https://himalayas.app/companies/questbridge/jobs/data-analyst,git,description_text,Git,1
himalayas::https://himalayas.app/companies/questbridge/jobs/data-analyst,stakeholder_management,description_text,stakeholder management,1
himalayas::https://himalayas.app/companies/questbridge/jobs/data-analyst,communication,description_text,communication skills|verbal communication,1
himalayas::https://himalayas.app/companies/bottom-line/jobs/director-of-analytics-and-reporting,sql,description_text,SQL,1
himalayas::https://himalayas.app/companies/bottom-line/jobs/director-of-analytics-and-reporting,python,description_text,Python,1
himalayas::https://himalayas.app/companies/bottom-line/jobs/director-of-analytics-and-reporting,excel,description_text,Excel|Microsoft Excel,1
himalayas::https://himalayas.app/companies/bottom-line/jobs/director-of-analytics-and-reporting,power_bi,description_text,Power BI,1
himalayas::https://himalayas.app/companies/bottom-line/jobs/director-of-analytics-and-reporting,dashboarding,description_text,dashboard|dashboards,1
himalayas::https://himalayas.app/companies/bottom-line/jobs/director-of-analytics-and-reporting,data_visualization,description_text,data visualization|visualization,1
himalayas::https://himalayas.app/companies/bottom-line/jobs/director-of-analytics-and-reporting,statistics,description_text,statistics,1
himalayas::https://himalayas.app/companies/bottom-line/jobs/director-of-analytics-and-reporting,machine_learning,description_text,predictive modeling,1
himalayas::https://himalayas.app/companies/bottom-line/jobs/director-of-analytics-and-reporting,data_governance,description_text,data governance,1
himalayas::https://himalayas.app/companies/bottom-line/jobs/director-of-analytics-and-reporting,data_quality,description_text,quality assurance,1
himalayas::https://himalayas.app/companies/bottom-line/jobs/director-of-analytics-and-reporting,jira,description_text,Jira,1
himalayas::https://himalayas.app/companies/bottom-line/jobs/director-of-analytics-and-reporting,communication,description_text,communication skills,1
himalayas::https://himalayas.app/companies/isaca/jobs/sr-strategic-intelligence-business-analytics-manager,sql,description_text,SQL,1
himalayas::https://himalayas.app/companies/isaca/jobs/sr-strategic-intelligence-business-analytics-manager,python,description_text,Python,1
himalayas::https://himalayas.app/companies/isaca/jobs/sr-strategic-intelligence-business-analytics-manager,excel,description_text,Excel,1
himalayas::https://himalayas.app/companies/isaca/jobs/sr-strategic-intelligence-business-analytics-manager,power_bi,description_text,Power BI,1
himalayas::https://himalayas.app/companies/isaca/jobs/sr-strategic-intelligence-business-analytics-manager,tableau,description_text,Tableau,1
himalayas::https://himalayas.app/companies/isaca/jobs/sr-strategic-intelligence-business-analytics-manager,dashboarding,description_text,dashboarding|dashboards,1
himalayas::https://himalayas.app/companies/isaca/jobs/sr-strategic-intelligence-business-analytics-manager,data_visualization,description_text,data visualization|visualization,1
himalayas::https://himalayas.app/companies/isaca/jobs/sr-strategic-intelligence-business-analytics-manager,data_modeling,description_text,data modeling,1
himalayas::https://himalayas.app/companies/isaca/jobs/sr-strategic-intelligence-business-analytics-manager,statistics,description_text,statistical analysis,1
himalayas::https://himalayas.app/companies/isaca/jobs/sr-strategic-intelligence-business-analytics-manager,forecasting,description_text,forecasting,1
himalayas::https://himalayas.app/companies/rockitdata/jobs/data-analyst-federal-health,sql,description_text,SQL,1
himalayas::https://himalayas.app/companies/rockitdata/jobs/data-analyst-federal-health,excel,description_text,Excel|Microsoft Excel,1
himalayas::https://himalayas.app/companies/rockitdata/jobs/data-analyst-federal-health,power_bi,description_text,Power BI,1
himalayas::https://himalayas.app/companies/rockitdata/jobs/data-analyst-federal-health,tableau,description_text,Tableau,1
himalayas::https://himalayas.app/companies/rockitdata/jobs/data-analyst-federal-health,dashboarding,description_text,dashboard|dashboards,1
himalayas::https://himalayas.app/companies/rockitdata/jobs/data-analyst-federal-health,data_quality,description_text,data quality,1
himalayas::https://himalayas.app/companies/rockitdata/jobs/data-analyst-federal-health,problem_solving,description_text,problem-solving,1
himalayas::https://himalayas.app/companies/point32health/jobs/business-analyst-speech-analytics,excel,description_text,Excel,1
himalayas::https://himalayas.app/companies/point32health/jobs/business-analyst-speech-analytics,dashboarding,description_text,dashboards,1
himalayas::https://himalayas.app/companies/getlabs/jobs/sr-data-analyst,sql,description_text,SQL,1
himalayas::https://himalayas.app/companies/getlabs/jobs/sr-data-analyst,python,description_text,Python,1
himalayas::https://himalayas.app/companies/getlabs/jobs/sr-data-analyst,excel,description_text,Excel,1
himalayas::https://himalayas.app/companies/getlabs/jobs/sr-data-analyst,tableau,description_text,Tableau,1
himalayas::https://himalayas.app/companies/getlabs/jobs/sr-data-analyst,looker,description_text,Looker,1
himalayas::https://himalayas.app/companies/getlabs/jobs/sr-data-analyst,dashboarding,description_text,dashboarding|dashboards,1
himalayas::https://himalayas.app/companies/getlabs/jobs/sr-data-analyst,data_modeling,description_text,data modeling,1
himalayas::https://himalayas.app/companies/getlabs/jobs/sr-data-analyst,forecasting,description_text,forecasting,1
himalayas::https://himalayas.app/companies/getlabs/jobs/sr-data-analyst,communication,description_text,communication skills,1
himalayas::https://himalayas.app/companies/lexisnexis/jobs/global-operations-senior-data-analyst-i,sql,description_text,SQL,1
himalayas::https://himalayas.app/companies/lexisnexis/jobs/global-operations-senior-data-analyst-i,python,description_text,Python,1
himalayas::https://himalayas.app/companies/lexisnexis/jobs/global-operations-senior-data-analyst-i,power_bi,description_text,Power BI,1
himalayas::https://himalayas.app/companies/lexisnexis/jobs/global-operations-senior-data-analyst-i,tableau,description_text,Tableau,1
himalayas::https://himalayas.app/companies/lexisnexis/jobs/global-operations-senior-data-analyst-i,dashboarding,description_text,dashboards,1
himalayas::https://himalayas.app/companies/lexisnexis/jobs/global-operations-senior-data-analyst-i,data_visualization,description_text,data visualization|visualization,1
himalayas::https://himalayas.app/companies/lexisnexis/jobs/global-operations-senior-data-analyst-i,databricks,description_text,Databricks,1
himalayas::https://himalayas.app/companies/lexisnexis/jobs/global-operations-senior-data-analyst-i,communication,description_text,communication skills,1
himalayas::https://himalayas.app/companies/busigence-technologies/jobs/data-engineer-python,sql,description_text,SQL,1
himalayas::https://himalayas.app/companies/busigence-technologies/jobs/data-engineer-python,python,description_text|job_title_raw|tags,Python,3
himalayas::https://himalayas.app/companies/busigence-technologies/jobs/data-engineer-python,pandas,description_text,pandas,1
himalayas::https://himalayas.app/companies/busigence-technologies/jobs/data-engineer-python,numpy,description_text,NumPy,1
himalayas::https://himalayas.app/companies/busigence-technologies/jobs/data-engineer-python,etl_elt,tags,ETL,1
himalayas::https://himalayas.app/companies/busigence-technologies/jobs/data-engineer-python,apis,description_text,APIs,1
himalayas::https://himalayas.app/companies/busigence-technologies/jobs/data-engineer-python,machine_learning,description_text,machine learning,1
himalayas::https://himalayas.app/companies/bmo/jobs/senior-reporting-analyst,sql,description_text,SQL,1
himalayas::https://himalayas.app/companies/bmo/jobs/senior-reporting-analyst,excel,description_text,Excel|Microsoft Excel,1
himalayas::https://himalayas.app/companies/bmo/jobs/senior-reporting-analyst,power_bi,description_text,Power BI,1
himalayas::https://himalayas.app/companies/bmo/jobs/senior-reporting-analyst,tableau,description_text,Tableau,1
himalayas::https://himalayas.app/companies/bmo/jobs/senior-reporting-analyst,power_query,description_text,Power Query,1
himalayas::https://himalayas.app/companies/bmo/jobs/senior-reporting-analyst,dashboarding,description_text,dashboards,1
himalayas::https://himalayas.app/companies/bmo/jobs/senior-reporting-analyst,data_visualization,description_text,data visualisation|data visualization|visualisation|visualization,1
himalayas::https://himalayas.app/companies/bmo/jobs/senior-reporting-analyst,data_modeling,description_text,data modelling,1
himalayas::https://himalayas.app/companies/bmo/jobs/senior-reporting-analyst,stakeholder_management,description_text,stakeholder management,1
himalayas::https://himalayas.app/companies/bmo/jobs/senior-reporting-analyst,communication,description_text,communication skills|written communication,1
himalayas::https://himalayas.app/companies/bmo/jobs/senior-reporting-analyst,problem_solving,description_text,problem solving|problem-solving,1
himalayas::https://himalayas.app/companies/busigence-technologies/jobs/fresher-data-science-engineer,sql,description_text,SQL,1
himalayas::https://himalayas.app/companies/busigence-technologies/jobs/fresher-data-science-engineer,python,description_text|tags,Python,2
himalayas::https://himalayas.app/companies/busigence-technologies/jobs/fresher-data-science-engineer,data_visualization,description_text,visualization,1
himalayas::https://himalayas.app/companies/busigence-technologies/jobs/fresher-data-science-engineer,pandas,description_text,pandas,1
himalayas::https://himalayas.app/companies/busigence-technologies/jobs/fresher-data-science-engineer,numpy,description_text,NumPy,1
himalayas::https://himalayas.app/companies/busigence-technologies/jobs/fresher-data-science-engineer,scikit_learn,description_text,scikit-learn,1
himalayas::https://himalayas.app/companies/busigence-technologies/jobs/fresher-data-science-engineer,spark,description_text,PySpark,1
himalayas::https://himalayas.app/companies/busigence-technologies/jobs/fresher-data-science-engineer,machine_learning,description_text,machine learning,1
himalayas::https://himalayas.app/companies/nxtthing-rpo/jobs/junior-reporting-analytics-specialist,sql,description_text,SQL,1
himalayas::https://himalayas.app/companies/nxtthing-rpo/jobs/junior-reporting-analytics-specialist,python,description_text,Python,1
himalayas::https://himalayas.app/companies/nxtthing-rpo/jobs/junior-reporting-analytics-specialist,excel,description_text,Excel|Microsoft Excel,1
himalayas::https://himalayas.app/companies/nxtthing-rpo/jobs/junior-reporting-analytics-specialist,power_bi,description_text,Power BI,1
himalayas::https://himalayas.app/companies/nxtthing-rpo/jobs/junior-reporting-analytics-specialist,tableau,description_text,Tableau,1
himalayas::https://himalayas.app/companies/nxtthing-rpo/jobs/junior-reporting-analytics-specialist,looker,description_text,Looker,1
himalayas::https://himalayas.app/companies/nxtthing-rpo/jobs/junior-reporting-analytics-specialist,dashboarding,description_text,dashboards,1
himalayas::https://himalayas.app/companies/nxtthing-rpo/jobs/junior-reporting-analytics-specialist,data_visualization,description_text,data visualization|visualization,1
himalayas::https://himalayas.app/companies/nxtthing-rpo/jobs/junior-reporting-analytics-specialist,etl_elt,description_text,ETL,1
himalayas::https://himalayas.app/companies/nxtthing-rpo/jobs/junior-reporting-analytics-specialist,data_warehousing,description_text,data warehousing,1
himalayas::https://himalayas.app/companies/nxtthing-rpo/jobs/junior-reporting-analytics-specialist,aws,description_text,AWS,1
himalayas::https://himalayas.app/companies/nxtthing-rpo/jobs/junior-reporting-analytics-specialist,azure,description_text,Azure,1
himalayas::https://himalayas.app/companies/nxtthing-rpo/jobs/junior-reporting-analytics-specialist,google_cloud,description_text,Google Cloud,1
himalayas::https://himalayas.app/companies/nxtthing-rpo/jobs/junior-reporting-analytics-specialist,data_governance,description_text,data governance,1
himalayas::https://himalayas.app/companies/nxtthing-rpo/jobs/junior-reporting-analytics-specialist,communication,description_text,communication skills,1
himalayas::https://himalayas.app/companies/nxtthing-rpo/jobs/junior-reporting-analytics-specialist,problem_solving,description_text,problem-solving,1
himalayas::https://himalayas.app/companies/ioet/jobs/data-engineer,sql,description_text,SQL,1
himalayas::https://himalayas.app/companies/ioet/jobs/data-engineer,python,description_text,Python,1
himalayas::https://himalayas.app/companies/ioet/jobs/data-engineer,pandas,description_text,pandas,1
himalayas::https://himalayas.app/companies/ioet/jobs/data-engineer,dbt,description_text,dbt,1
himalayas::https://himalayas.app/companies/ioet/jobs/data-engineer,etl_elt,description_text|tags,ELT|ETL,2
himalayas::https://himalayas.app/companies/ioet/jobs/data-engineer,airflow,description_text,Airflow,1
himalayas::https://himalayas.app/companies/ioet/jobs/data-engineer,spark,description_text,PySpark|Spark,1
himalayas::https://himalayas.app/companies/ioet/jobs/data-engineer,data_modeling,description_text,data modeling,1
himalayas::https://himalayas.app/companies/ioet/jobs/data-engineer,data_warehousing,description_text,data warehouse,1
himalayas::https://himalayas.app/companies/ioet/jobs/data-engineer,postgresql,description_text,PostgreSQL,1
himalayas::https://himalayas.app/companies/ioet/jobs/data-engineer,aws,description_text,AWS,1
himalayas::https://himalayas.app/companies/ioet/jobs/data-engineer,communication,description_text,communication skills,1
himalayas::https://himalayas.app/companies/lifelancer/jobs/senior-systems-data-analyst,sql,description_text,SQL,1
himalayas::https://himalayas.app/companies/lifelancer/jobs/senior-systems-data-analyst,excel,description_text,Excel,1
himalayas::https://himalayas.app/companies/lifelancer/jobs/senior-systems-data-analyst,power_bi,description_text,Power BI,1
himalayas::https://himalayas.app/companies/lifelancer/jobs/senior-systems-data-analyst,dax,description_text,DAX,1
himalayas::https://himalayas.app/companies/lifelancer/jobs/senior-systems-data-analyst,power_query,description_text,Power Query,1
himalayas::https://himalayas.app/companies/lifelancer/jobs/senior-systems-data-analyst,dashboarding,description_text,dashboard|dashboards,1
himalayas::https://himalayas.app/companies/lifelancer/jobs/senior-systems-data-analyst,data_visualization,description_text,data visualization|visualization,1
himalayas::https://himalayas.app/companies/lifelancer/jobs/senior-systems-data-analyst,data_modeling,description_text,data modeling|dimensional modeling|star schema,1
himalayas::https://himalayas.app/companies/lifelancer/jobs/senior-systems-data-analyst,apis,description_text,APIs,1
himalayas::https://himalayas.app/companies/lifelancer/jobs/senior-systems-data-analyst,redshift,description_text,Redshift,1
himalayas::https://himalayas.app/companies/lifelancer/jobs/senior-systems-data-analyst,data_quality,description_text,data quality,1
himalayas::https://himalayas.app/companies/lifelancer/jobs/senior-systems-data-analyst,stakeholder_management,description_text,stakeholder communication,1
himalayas::https://himalayas.app/companies/lifelancer/jobs/senior-systems-data-analyst,problem_solving,description_text,problem-solving,1
himalayas::https://himalayas.app/companies/relx/jobs/global-operations-senior-data-analyst-i,sql,description_text,SQL,1
himalayas::https://himalayas.app/companies/relx/jobs/global-operations-senior-data-analyst-i,python,description_text,Python,1
himalayas::https://himalayas.app/companies/relx/jobs/global-operations-senior-data-analyst-i,power_bi,description_text,Power BI,1
himalayas::https://himalayas.app/companies/relx/jobs/global-operations-senior-data-analyst-i,tableau,description_text,Tableau,1
himalayas::https://himalayas.app/companies/relx/jobs/global-operations-senior-data-analyst-i,dashboarding,description_text,dashboards,1
himalayas::https://himalayas.app/companies/relx/jobs/global-operations-senior-data-analyst-i,data_visualization,description_text,data visualization|visualization,1
himalayas::https://himalayas.app/companies/relx/jobs/global-operations-senior-data-analyst-i,databricks,description_text,Databricks,1
himalayas::https://himalayas.app/companies/relx/jobs/global-operations-senior-data-analyst-i,communication,description_text,communication skills,1
himalayas::https://himalayas.app/companies/ensemble-health-partners/jobs/senior-engineer-business-intelligence,sql,description_text,SQL|T-SQL,1
himalayas::https://himalayas.app/companies/ensemble-health-partners/jobs/senior-engineer-business-intelligence,power_bi,description_text,Power BI,1
himalayas::https://himalayas.app/companies/ensemble-health-partners/jobs/senior-engineer-business-intelligence,dax,description_text,DAX,1
himalayas::https://himalayas.app/companies/ensemble-health-partners/jobs/senior-engineer-business-intelligence,etl_elt,description_text,ETL,1
himalayas::https://himalayas.app/companies/ensemble-health-partners/jobs/senior-engineer-business-intelligence,databricks,description_text,Azure Databricks|Databricks,1
himalayas::https://himalayas.app/companies/ensemble-health-partners/jobs/senior-engineer-business-intelligence,data_modeling,description_text,data modeling,1
himalayas::https://himalayas.app/companies/ensemble-health-partners/jobs/senior-engineer-business-intelligence,data_warehousing,description_text,data warehouse,1
himalayas::https://himalayas.app/companies/ensemble-health-partners/jobs/senior-engineer-business-intelligence,apis,description_text,API,1
himalayas::https://himalayas.app/companies/ensemble-health-partners/jobs/senior-engineer-business-intelligence,azure,description_text,Azure|Microsoft Azure,1
himalayas::https://himalayas.app/companies/ensemble-health-partners/jobs/senior-engineer-business-intelligence,problem_solving,description_text,problem solving,1
himalayas::https://himalayas.app/companies/fractl-consulting/jobs/senior-analytics-engineer,sql,description_text,SQL,1
himalayas::https://himalayas.app/companies/fractl-consulting/jobs/senior-analytics-engineer,python,description_text,Python,1
himalayas::https://himalayas.app/companies/fractl-consulting/jobs/senior-analytics-engineer,dashboarding,description_text,dashboards,1
himalayas::https://himalayas.app/companies/lifelancer/jobs/senior-data-engineer,sql,description_text,SQL,1
himalayas::https://himalayas.app/companies/lifelancer/jobs/senior-data-engineer,python,description_text,Python,1
himalayas::https://himalayas.app/companies/lifelancer/jobs/senior-data-engineer,data_warehousing,description_text,data warehousing,1
himalayas::https://himalayas.app/companies/lifelancer/jobs/senior-data-engineer,snowflake,description_text,Snowflake,1
himalayas::https://himalayas.app/companies/lifelancer/jobs/senior-data-engineer,bigquery,description_text,BigQuery,1
himalayas::https://himalayas.app/companies/lifelancer/jobs/senior-data-engineer,aws,description_text,AWS,1
himalayas::https://himalayas.app/companies/lifelancer/jobs/senior-data-engineer,azure,description_text,Azure,1
himalayas::https://himalayas.app/companies/lifelancer/jobs/senior-data-engineer,google_cloud,description_text,Google Cloud,1
himalayas::https://himalayas.app/companies/lifelancer/jobs/senior-data-engineer,forecasting,description_text,forecasting,1
himalayas::https://himalayas.app/companies/unison-risk-advisors/jobs/employee-benefits-data-analyst,dashboarding,description_text,dashboards,1
himalayas::https://himalayas.app/companies/unison-risk-advisors/jobs/employee-benefits-data-analyst,data_visualization,description_text,data visualization|visualization,1
himalayas::https://himalayas.app/companies/unison-risk-advisors/jobs/employee-benefits-data-analyst,data_warehousing,description_text,data warehouses,1
himalayas::https://himalayas.app/companies/unison-risk-advisors/jobs/employee-benefits-data-analyst,forecasting,description_text,forecasting,1
himalayas::https://himalayas.app/companies/unison-risk-advisors/jobs/employee-benefits-data-analyst,data_quality,description_text,quality assurance,1
himalayas::https://himalayas.app/companies/unison-risk-advisors/jobs/employee-benefits-data-analyst,communication,description_text,communication skills|verbal communication,1
himalayas::https://himalayas.app/companies/fractl-consulting/jobs/senior-bi-engineer,sql,description_text,SQL,1
himalayas::https://himalayas.app/companies/fractl-consulting/jobs/senior-bi-engineer,python,description_text,Python,1
himalayas::https://himalayas.app/companies/fractl-consulting/jobs/senior-bi-engineer,dashboarding,description_text,dashboards,1
himalayas::https://himalayas.app/companies/quanata-llc/jobs/senior-data-engineer-remote-us,sql,description_text,SQL,1
himalayas::https://himalayas.app/companies/quanata-llc/jobs/senior-data-engineer-remote-us,python,description_text,Python,1
himalayas::https://himalayas.app/companies/quanata-llc/jobs/senior-data-engineer-remote-us,airflow,description_text,Airflow,1
himalayas::https://himalayas.app/companies/quanata-llc/jobs/senior-data-engineer-remote-us,data_modeling,description_text,data modeling,1
himalayas::https://himalayas.app/companies/quanata-llc/jobs/senior-data-engineer-remote-us,data_warehousing,description_text,data warehouse,1
himalayas::https://himalayas.app/companies/quanata-llc/jobs/senior-data-engineer-remote-us,apis,description_text,APIs,1
himalayas::https://himalayas.app/companies/quanata-llc/jobs/senior-data-engineer-remote-us,ci_cd,description_text,CI/CD,1
himalayas::https://himalayas.app/companies/quanata-llc/jobs/senior-data-engineer-remote-us,terraform,description_text,Terraform,1
himalayas::https://himalayas.app/companies/quanata-llc/jobs/senior-data-engineer-remote-us,snowflake,description_text,Snowflake,1
himalayas::https://himalayas.app/companies/quanata-llc/jobs/senior-data-engineer-remote-us,aws,description_text,AWS,1
himalayas::https://himalayas.app/companies/quanata-llc/jobs/senior-data-engineer-remote-us,machine_learning,description_text,machine learning,1
himalayas::https://himalayas.app/companies/quanata-llc/jobs/senior-data-engineer-remote-us,data_governance,description_text,data governance,1
himalayas::https://himalayas.app/companies/quanata-llc/jobs/senior-data-engineer-remote-us,data_quality,description_text,data quality,1
himalayas::https://himalayas.app/companies/quanata-llc/jobs/senior-data-engineer-remote-us,communication,description_text,verbal communication,1
himalayas::https://himalayas.app/companies/customers-bank/jobs/bi-developer,sql,description_text,SQL,1
himalayas::https://himalayas.app/companies/customers-bank/jobs/bi-developer,python,description_text,Python,1
himalayas::https://himalayas.app/companies/customers-bank/jobs/bi-developer,power_bi,description_text,Power BI|PowerBI,1
himalayas::https://himalayas.app/companies/customers-bank/jobs/bi-developer,dax,description_text,DAX,1
himalayas::https://himalayas.app/companies/customers-bank/jobs/bi-developer,microsoft_fabric,description_text,Fabric|Microsoft Fabric,1
himalayas::https://himalayas.app/companies/customers-bank/jobs/bi-developer,dashboarding,description_text,dashboards,1
himalayas::https://himalayas.app/companies/customers-bank/jobs/bi-developer,pandas,description_text,pandas,1
himalayas::https://himalayas.app/companies/customers-bank/jobs/bi-developer,databricks,description_text,Databricks,1
himalayas::https://himalayas.app/companies/customers-bank/jobs/bi-developer,data_modeling,description_text,dimensional modeling,1
himalayas::https://himalayas.app/companies/customers-bank/jobs/bi-developer,data_warehousing,description_text,lakehouse,1
himalayas::https://himalayas.app/companies/customers-bank/jobs/bi-developer,snowflake,description_text,Snowflake,1
himalayas::https://himalayas.app/companies/customers-bank/jobs/bi-developer,sql_server,description_text,SQL Server,1
himalayas::https://himalayas.app/companies/customers-bank/jobs/bi-developer,communication,description_text,communication skills,1
himalayas::https://himalayas.app/companies/customers-bank/jobs/bi-developer,problem_solving,description_text,problem-solving,1
himalayas::https://himalayas.app/companies/pearl-talent/jobs/pearl-talent-data-engineer-i052,sql,description_text|tags,SQL,2
himalayas::https://himalayas.app/companies/pearl-talent/jobs/pearl-talent-data-engineer-i052,python,description_text,Python,1
himalayas::https://himalayas.app/companies/pearl-talent/jobs/pearl-talent-data-engineer-i052,dashboarding,description_text,dashboard,1
himalayas::https://himalayas.app/companies/pearl-talent/jobs/pearl-talent-data-engineer-i052,dbt,description_text,dbt,1
himalayas::https://himalayas.app/companies/pearl-talent/jobs/pearl-talent-data-engineer-i052,data_modeling,description_text,data modeling,1
himalayas::https://himalayas.app/companies/pearl-talent/jobs/pearl-talent-data-engineer-i052,postgresql,description_text,Postgres|PostgreSQL,1
himalayas::https://himalayas.app/companies/pearl-talent/jobs/pearl-talent-data-engineer-i052,git,description_text,Git,1
himalayas::https://himalayas.app/companies/mission-lane/jobs/principal-data-scientist-operations,pandas,description_text,pandas,1
himalayas::https://himalayas.app/companies/mission-lane/jobs/principal-data-scientist-operations,numpy,description_text,NumPy,1
himalayas::https://himalayas.app/companies/mission-lane/jobs/principal-data-scientist-operations,scikit_learn,description_text,scikit-learn,1
himalayas::https://himalayas.app/companies/mission-lane/jobs/principal-data-scientist-operations,airflow,description_text,Airflow,1
himalayas::https://himalayas.app/companies/mission-lane/jobs/principal-data-scientist-operations,spark,description_text,Spark,1
himalayas::https://himalayas.app/companies/mission-lane/jobs/principal-data-scientist-operations,kubernetes,description_text,Kubernetes,1
himalayas::https://himalayas.app/companies/mission-lane/jobs/principal-data-scientist-operations,forecasting,description_text,time series,1
himalayas::https://himalayas.app/companies/mission-lane/jobs/principal-data-scientist-operations,machine_learning,description_text,machine learning,1
himalayas::https://himalayas.app/companies/jabil/jobs/power-bi-developer-healthcare,sql,description_text,SQL,1
himalayas::https://himalayas.app/companies/jabil/jobs/power-bi-developer-healthcare,power_bi,description_text|job_title_raw,Power BI,2
himalayas::https://himalayas.app/companies/jabil/jobs/power-bi-developer-healthcare,dax,description_text,DAX,1
himalayas::https://himalayas.app/companies/jabil/jobs/power-bi-developer-healthcare,power_query,description_text,Power Query,1
himalayas::https://himalayas.app/companies/jabil/jobs/power-bi-developer-healthcare,dashboarding,description_text,dashboards,1
himalayas::https://himalayas.app/companies/jabil/jobs/power-bi-developer-healthcare,data_modeling,description_text,data modeling,1
himalayas::https://himalayas.app/companies/jabil/jobs/power-bi-developer-healthcare,data_warehousing,description_text,data warehousing,1
himalayas::https://himalayas.app/companies/jabil/jobs/power-bi-developer-healthcare,snowflake,description_text,Snowflake,1
himalayas::https://himalayas.app/companies/jabil/jobs/power-bi-developer-healthcare,azure,description_text,Azure,1
himalayas::https://himalayas.app/companies/jabil/jobs/power-bi-developer-healthcare,forecasting,description_text,forecasting,1
himalayas::https://himalayas.app/companies/jabil/jobs/power-bi-developer-healthcare,data_governance,description_text,data governance,1
himalayas::https://himalayas.app/companies/jabil/jobs/power-bi-developer-healthcare,data_quality,description_text,data quality,1
himalayas::https://himalayas.app/companies/jabil/jobs/power-bi-developer-healthcare,stakeholder_management,description_text,stakeholder engagement,1
himalayas::https://himalayas.app/companies/jabil/jobs/power-bi-developer-healthcare,problem_solving,description_text,problem-solving,1
himalayas::https://himalayas.app/companies/ajl-consulting-gmbh/jobs/business-analyst-intern,tableau,description_text,Tableau,1
himalayas::https://himalayas.app/companies/ajl-consulting-gmbh/jobs/business-analyst-intern,data_visualization,description_text,data visualization|visualization,1
himalayas::https://himalayas.app/companies/ajl-consulting-gmbh/jobs/business-analyst-intern,statistics,description_text,statistics,1
himalayas::https://himalayas.app/companies/lifelancer/jobs/senior-decision-scientist-pharmacy-and-consumer-wellness-analytics,sql,description_text,SQL,1
himalayas::https://himalayas.app/companies/lifelancer/jobs/senior-decision-scientist-pharmacy-and-consumer-wellness-analytics,python,description_text,Python,1
himalayas::https://himalayas.app/companies/lifelancer/jobs/senior-decision-scientist-pharmacy-and-consumer-wellness-analytics,power_bi,description_text,Power BI,1
himalayas::https://himalayas.app/companies/lifelancer/jobs/senior-decision-scientist-pharmacy-and-consumer-wellness-analytics,tableau,description_text,Tableau,1
himalayas::https://himalayas.app/companies/lifelancer/jobs/senior-decision-scientist-pharmacy-and-consumer-wellness-analytics,data_visualization,description_text,data visualization|visualization,1
himalayas::https://himalayas.app/companies/lifelancer/jobs/senior-decision-scientist-pharmacy-and-consumer-wellness-analytics,snowflake,description_text,Snowflake,1
himalayas::https://himalayas.app/companies/lifelancer/jobs/senior-decision-scientist-pharmacy-and-consumer-wellness-analytics,azure,description_text,Azure,1
himalayas::https://himalayas.app/companies/lifelancer/jobs/senior-decision-scientist-pharmacy-and-consumer-wellness-analytics,google_cloud,description_text,GCP,1
himalayas::https://himalayas.app/companies/lifelancer/jobs/senior-decision-scientist-pharmacy-and-consumer-wellness-analytics,machine_learning,description_text,machine learning|predictive modeling,1
himalayas::https://himalayas.app/companies/wvu-medicine/jobs/business-intelligence-engineer,sql,description_text,SQL,1
himalayas::https://himalayas.app/companies/wvu-medicine/jobs/business-intelligence-engineer,excel,description_text,Excel,1
himalayas::https://himalayas.app/companies/wvu-medicine/jobs/business-intelligence-engineer,power_bi,description_text,PowerBI,1
himalayas::https://himalayas.app/companies/wvu-medicine/jobs/business-intelligence-engineer,tableau,description_text,Tableau,1
himalayas::https://himalayas.app/companies/wvu-medicine/jobs/business-intelligence-engineer,dashboarding,description_text,dashboards,1
himalayas::https://himalayas.app/companies/wvu-medicine/jobs/business-intelligence-engineer,data_visualization,description_text,data visualization|visualization,1
himalayas::https://himalayas.app/companies/wvu-medicine/jobs/business-intelligence-engineer,data_modeling,description_text,data modeling,1
himalayas::https://himalayas.app/companies/wvu-medicine/jobs/business-intelligence-engineer,sql_server,description_text,Microsoft SQL Server|SQL Server,1
himalayas::https://himalayas.app/companies/wvu-medicine/jobs/business-intelligence-engineer,machine_learning,description_text,predictive modeling,1
himalayas::https://himalayas.app/companies/wvu-medicine/jobs/business-intelligence-engineer,problem_solving,description_text,problem solving,1
himalayas::https://himalayas.app/companies/algomarketing/jobs/marketing-analytics-lead-6-months-europe-fully-remote,power_bi,description_text,Power BI,1
himalayas::https://himalayas.app/companies/algomarketing/jobs/marketing-analytics-lead-6-months-europe-fully-remote,microsoft_fabric,description_text,Fabric|Microsoft Fabric,1
himalayas::https://himalayas.app/companies/algomarketing/jobs/marketing-analytics-lead-6-months-europe-fully-remote,dashboarding,description_text,dashboard|dashboards,1
himalayas::https://himalayas.app/companies/algomarketing/jobs/marketing-analytics-lead-6-months-europe-fully-remote,data_modeling,description_text,data modelling,1
himalayas::https://himalayas.app/companies/algomarketing/jobs/marketing-analytics-lead-6-months-europe-fully-remote,data_governance,description_text,data governance,1
himalayas::https://himalayas.app/companies/algomarketing/jobs/marketing-analytics-lead-6-months-europe-fully-remote,data_quality,description_text,data quality|data validation,1
himalayas::https://himalayas.app/companies/algomarketing/jobs/marketing-analytics-lead-6-months-europe-fully-remote,stakeholder_management,description_text,stakeholder management,1
himalayas::https://himalayas.app/companies/algomarketing/jobs/marketing-analytics-lead-6-months-europe-fully-remote,communication,description_text,communication skills,1
himalayas::https://himalayas.app/companies/humana/jobs/senior-data-scientist,python,description_text,Python,1
himalayas::https://himalayas.app/companies/humana/jobs/senior-data-scientist,spark,description_text,PySpark|Spark,1
himalayas::https://himalayas.app/companies/humana/jobs/senior-data-scientist,statistics,description_text,statistical analysis|statistical modeling,1
himalayas::https://himalayas.app/companies/humana/jobs/senior-data-scientist,machine_learning,description_text,machine learning|predictive modeling,1
himalayas::https://himalayas.app/companies/humana/jobs/senior-data-scientist,sas,description_text,SAS,1
himalayas::https://himalayas.app/companies/kobold-metals/jobs/staff-data-scientist,python,description_text,Python,1
himalayas::https://himalayas.app/companies/kobold-metals/jobs/staff-data-scientist,statistics,description_text,statistics,1
himalayas::https://himalayas.app/companies/kobold-metals/jobs/staff-data-scientist,machine_learning,description_text,machine learning,1
himalayas::https://himalayas.app/companies/kobold-metals/jobs/staff-data-scientist,git,description_text,Git,1
himalayas::https://himalayas.app/companies/zesty-ai/jobs/data-scientist-analytics-remote-canada,sql,description_text,SQL,1
himalayas::https://himalayas.app/companies/zesty-ai/jobs/data-scientist-analytics-remote-canada,python,description_text,Python,1
himalayas::https://himalayas.app/companies/zesty-ai/jobs/data-scientist-analytics-remote-canada,dashboarding,description_text,dashboards,1
himalayas::https://himalayas.app/companies/zesty-ai/jobs/data-scientist-analytics-remote-canada,data_visualization,description_text,data visualization|visualization,1
himalayas::https://himalayas.app/companies/zesty-ai/jobs/data-scientist-analytics-remote-canada,dbt,description_text,dbt,1
himalayas::https://himalayas.app/companies/zesty-ai/jobs/data-scientist-analytics-remote-canada,etl_elt,description_text,ETL,1
himalayas::https://himalayas.app/companies/zesty-ai/jobs/data-scientist-analytics-remote-canada,airflow,description_text,Airflow,1
himalayas::https://himalayas.app/companies/zesty-ai/jobs/data-scientist-analytics-remote-canada,aws,description_text,AWS,1
himalayas::https://himalayas.app/companies/zesty-ai/jobs/data-scientist-analytics-remote-canada,google_cloud,description_text,Google Cloud|Google Cloud Platform,1
himalayas::https://himalayas.app/companies/zesty-ai/jobs/data-scientist-analytics-remote-canada,machine_learning,description_text,machine learning,1
himalayas::https://himalayas.app/companies/zesty-ai/jobs/data-scientist-analytics-remote-canada,data_quality,description_text,data quality|quality assurance,1
himalayas::https://himalayas.app/companies/zesty-ai/jobs/data-scientist-analytics-remote-canada,problem_solving,description_text,problem-solving,1
himalayas::https://himalayas.app/companies/cardinal-health/jobs/data-scientist-finance-digital-solutions,sql,description_text,SQL,1
himalayas::https://himalayas.app/companies/cardinal-health/jobs/data-scientist-finance-digital-solutions,python,description_text,Python,1
himalayas::https://himalayas.app/companies/cardinal-health/jobs/data-scientist-finance-digital-solutions,ci_cd,description_text,CI/CD,1
himalayas::https://himalayas.app/companies/cardinal-health/jobs/data-scientist-finance-digital-solutions,docker,description_text,Docker,1
himalayas::https://himalayas.app/companies/cardinal-health/jobs/data-scientist-finance-digital-solutions,kubernetes,description_text,Kubernetes,1
himalayas::https://himalayas.app/companies/cardinal-health/jobs/data-scientist-finance-digital-solutions,azure,description_text,Azure,1
himalayas::https://himalayas.app/companies/cardinal-health/jobs/data-scientist-finance-digital-solutions,machine_learning,description_text,machine learning,1
himalayas::https://himalayas.app/companies/cardinal-health/jobs/data-scientist-finance-digital-solutions,git,description_text,Git|GitHub|GitLab,1
himalayas::https://himalayas.app/companies/cardinal-health/jobs/data-scientist-finance-digital-solutions,communication,description_text,communication skills,1
himalayas::https://himalayas.app/companies/cardinal-health/jobs/data-scientist-finance-digital-solutions,problem_solving,description_text,problem-solving,1
himalayas::https://himalayas.app/companies/thehivecareers/jobs/business-analyst-caribbean-5292760356,excel,description_text,Excel,1
himalayas::https://himalayas.app/companies/thehivecareers/jobs/business-analyst-caribbean-5292760356,power_bi,description_text,Power BI,1
himalayas::https://himalayas.app/companies/thehivecareers/jobs/business-analyst-caribbean-5292760356,tableau,description_text,Tableau,1
himalayas::https://himalayas.app/companies/thehivecareers/jobs/business-analyst-caribbean-5292760356,data_visualization,description_text,visualization,1
himalayas::https://himalayas.app/companies/thehivecareers/jobs/business-analyst-caribbean-5292760356,apis,description_text,APIs,1
himalayas::https://himalayas.app/companies/thehivecareers/jobs/business-analyst-caribbean-5292760356,jira,description_text,Jira,1
himalayas::https://himalayas.app/companies/thehivecareers/jobs/business-analyst-caribbean-5292760356,stakeholder_management,description_text,stakeholder communication|stakeholder management,1
himalayas::https://himalayas.app/companies/thehivecareers/jobs/business-analyst-caribbean-5292760356,communication,description_text,communication skills|written communication,1
himalayas::https://himalayas.app/companies/thehivecareers/jobs/business-analyst-caribbean-5292760356,problem_solving,description_text,problem-solving,1
himalayas::https://himalayas.app/companies/brillio/jobs/principal-data-scientist-r01568403,python,description_text,Python,1
himalayas::https://himalayas.app/companies/brillio/jobs/principal-data-scientist-r01568403,spark,description_text,PySpark,1
himalayas::https://himalayas.app/companies/brillio/jobs/principal-data-scientist-r01568403,statistics,description_text,hypothesis testing|statistical analysis|statistics,1
himalayas::https://himalayas.app/companies/brillio/jobs/principal-data-scientist-r01568403,forecasting,description_text,forecasting,1
himalayas::https://himalayas.app/companies/brillio/jobs/principal-data-scientist-r01568403,machine_learning,description_text,machine learning,1
himalayas::https://himalayas.app/companies/brillio/jobs/principal-data-scientist-r01568403,sas,description_text,SAS,1
himalayas::https://himalayas.app/companies/orcrist-technologies/jobs/data-engineer-python,sql,description_text,SQL,1
himalayas::https://himalayas.app/companies/orcrist-technologies/jobs/data-engineer-python,python,description_text|job_title_raw|tags,Python,3
himalayas::https://himalayas.app/companies/orcrist-technologies/jobs/data-engineer-python,data_warehousing,description_text,lakehouse,1
himalayas::https://himalayas.app/companies/orcrist-technologies/jobs/data-engineer-python,kubernetes,description_text,Kubernetes,1
himalayas::https://himalayas.app/companies/orcrist-technologies/jobs/data-engineer-python,postgresql,description_text,Postgres,1
himalayas::https://himalayas.app/companies/orcrist-technologies/jobs/data-engineer-python,data_quality,description_text,data quality,1
himalayas::https://himalayas.app/companies/srijan-technologies/jobs/senior-data-scientist-3613822508,python,description_text,Python,1
himalayas::https://himalayas.app/companies/srijan-technologies/jobs/senior-data-scientist-3613822508,power_bi,description_text,Power BI,1
himalayas::https://himalayas.app/companies/srijan-technologies/jobs/senior-data-scientist-3613822508,tableau,description_text,Tableau,1
himalayas::https://himalayas.app/companies/srijan-technologies/jobs/senior-data-scientist-3613822508,statistics,description_text,statistical analysis,1
himalayas::https://himalayas.app/companies/srijan-technologies/jobs/senior-data-scientist-3613822508,ab_testing,description_text,A/B testing,1
himalayas::https://himalayas.app/companies/srijan-technologies/jobs/senior-data-scientist-3613822508,machine_learning,description_text,machine learning,1
himalayas::https://himalayas.app/companies/srijan-technologies/jobs/senior-data-scientist-3613822508,communication,description_text,communication skills|written communication,1
himalayas::https://himalayas.app/companies/srijan-technologies/jobs/senior-data-scientist-3613822508,problem_solving,description_text,problem-solving,1
himalayas::https://himalayas.app/companies/jonas-software/jobs/data-analyst-business-intelligence,sql,description_text,SQL,1
himalayas::https://himalayas.app/companies/jonas-software/jobs/data-analyst-business-intelligence,python,description_text,Python,1
himalayas::https://himalayas.app/companies/jonas-software/jobs/data-analyst-business-intelligence,data_visualization,description_text,visualization,1
himalayas::https://himalayas.app/companies/jonas-software/jobs/data-analyst-business-intelligence,scikit_learn,description_text,scikit-learn,1
himalayas::https://himalayas.app/companies/jonas-software/jobs/data-analyst-business-intelligence,forecasting,description_text,forecasting,1
himalayas::https://himalayas.app/companies/jonas-software/jobs/data-analyst-business-intelligence,ab_testing,description_text,A/B testing,1
himalayas::https://himalayas.app/companies/jonas-software/jobs/data-analyst-business-intelligence,machine_learning,description_text,machine learning,1
himalayas::https://himalayas.app/companies/jonas-software/jobs/data-analyst-business-intelligence,communication,description_text,communicate findings|communication skills,1
himalayas::https://himalayas.app/companies/jonas-software/jobs/data-analyst-business-intelligence,business_acumen,description_text,business acumen,1
himalayas::https://himalayas.app/companies/mckesson/jobs/data-engineer,sql,description_text,SQL,1
himalayas::https://himalayas.app/companies/mckesson/jobs/data-engineer,databricks,description_text,Databricks,1
himalayas::https://himalayas.app/companies/mckesson/jobs/data-engineer,data_modeling,description_text,data modeling,1
himalayas::https://himalayas.app/companies/mckesson/jobs/data-engineer,terraform,description_text,Terraform,1
himalayas::https://himalayas.app/companies/mckesson/jobs/data-engineer,azure,description_text,Azure,1
himalayas::https://himalayas.app/companies/mckesson/jobs/data-engineer,data_governance,description_text,data governance,1
himalayas::https://himalayas.app/companies/mckesson/jobs/data-engineer,data_quality,description_text,data quality,1
himalayas::https://himalayas.app/companies/mckesson/jobs/data-engineer,git,description_text,GitHub,1
himalayas::https://himalayas.app/companies/mckesson/jobs/data-engineer,communication,description_text,communication skills|verbal communication,1
himalayas::https://himalayas.app/companies/kpi-solutions/jobs/advanced-solution-development-data-scientist-3554368502,sql,description_text,SQL,1
himalayas::https://himalayas.app/companies/kpi-solutions/jobs/advanced-solution-development-data-scientist-3554368502,python,description_text,Python,1
himalayas::https://himalayas.app/companies/kpi-solutions/jobs/advanced-solution-development-data-scientist-3554368502,tableau,description_text,Tableau,1
himalayas::https://himalayas.app/companies/kpi-solutions/jobs/advanced-solution-development-data-scientist-3554368502,dashboarding,description_text,dashboard,1
himalayas::https://himalayas.app/companies/kpi-solutions/jobs/advanced-solution-development-data-scientist-3554368502,databricks,description_text,Databricks,1
himalayas::https://himalayas.app/companies/kpi-solutions/jobs/advanced-solution-development-data-scientist-3554368502,data_modeling,description_text,data modeling,1
himalayas::https://himalayas.app/companies/kpi-solutions/jobs/advanced-solution-development-data-scientist-3554368502,forecasting,description_text,forecasting,1
himalayas::https://himalayas.app/companies/kpi-solutions/jobs/advanced-solution-development-data-scientist-3554368502,machine_learning,description_text,machine learning,1
himalayas::https://himalayas.app/companies/career-factory-eu/jobs/senior-data-engineer-m-w-d,sql,description_text,SQL,1
himalayas::https://himalayas.app/companies/career-factory-eu/jobs/senior-data-engineer-m-w-d,dbt,description_text,dbt,1
himalayas::https://himalayas.app/companies/career-factory-eu/jobs/senior-data-engineer-m-w-d,etl_elt,description_text|tags,ELT|ETL,2
himalayas::https://himalayas.app/companies/career-factory-eu/jobs/senior-data-engineer-m-w-d,airflow,description_text,Airflow|Apache Airflow,1
himalayas::https://himalayas.app/companies/career-factory-eu/jobs/senior-data-engineer-m-w-d,data_modeling,description_text,star schema,1
himalayas::https://himalayas.app/companies/career-factory-eu/jobs/senior-data-engineer-m-w-d,sql_server,description_text,SQL Server,1
himalayas::https://himalayas.app/companies/career-factory-eu/jobs/senior-data-engineer-m-w-d,azure,description_text,Azure,1
himalayas::https://himalayas.app/companies/career-factory-eu/jobs/senior-data-engineer-m-w-d,data_quality,description_text,data quality,1
himalayas::https://himalayas.app/companies/career-factory-eu/jobs/senior-data-engineer-m-w-d,git,description_text,Git,1
himalayas::https://himalayas.app/companies/usaa/jobs/senior-marketing-data-scientist,sql,description_text,SQL,1
himalayas::https://himalayas.app/companies/usaa/jobs/senior-marketing-data-scientist,python,description_text,Python,1
himalayas::https://himalayas.app/companies/usaa/jobs/senior-marketing-data-scientist,power_bi,description_text,Power BI,1
himalayas::https://himalayas.app/companies/usaa/jobs/senior-marketing-data-scientist,tableau,description_text,Tableau,1
himalayas::https://himalayas.app/companies/usaa/jobs/senior-marketing-data-scientist,data_visualization,description_text,data visualization|visualization,1
himalayas::https://himalayas.app/companies/usaa/jobs/senior-marketing-data-scientist,databricks,description_text,Databricks,1
himalayas::https://himalayas.app/companies/usaa/jobs/senior-marketing-data-scientist,snowflake,description_text,Snowflake,1
himalayas::https://himalayas.app/companies/usaa/jobs/senior-marketing-data-scientist,bigquery,description_text,BigQuery,1
himalayas::https://himalayas.app/companies/usaa/jobs/senior-marketing-data-scientist,machine_learning,description_text,machine learning,1
himalayas::https://himalayas.app/companies/pyrovio/jobs/business-analyst,sql,description_text,SQL,1
himalayas::https://himalayas.app/companies/pyrovio/jobs/business-analyst,excel,description_text,Excel,1
himalayas::https://himalayas.app/companies/pyrovio/jobs/business-analyst,power_bi,description_text,Power BI,1
himalayas::https://himalayas.app/companies/pyrovio/jobs/business-analyst,tableau,description_text,Tableau,1
himalayas::https://himalayas.app/companies/pyrovio/jobs/business-analyst,dashboarding,description_text,dashboards,1
himalayas::https://himalayas.app/companies/pyrovio/jobs/business-analyst,data_visualization,description_text,data visualization|visualization,1
himalayas::https://himalayas.app/companies/pyrovio/jobs/business-analyst,stakeholder_management,description_text,stakeholder engagement,1
himalayas::https://himalayas.app/companies/pyrovio/jobs/business-analyst,problem_solving,description_text,problem-solving,1
himalayas::https://himalayas.app/companies/cutsforth-llc/jobs/data-scientist-signal-processing-engineer-acoustics,python,description_text,Python,1
himalayas::https://himalayas.app/companies/cutsforth-llc/jobs/data-scientist-signal-processing-engineer-acoustics,pandas,description_text,pandas,1
himalayas::https://himalayas.app/companies/cutsforth-llc/jobs/data-scientist-signal-processing-engineer-acoustics,numpy,description_text,NumPy,1
himalayas::https://himalayas.app/companies/cutsforth-llc/jobs/data-scientist-signal-processing-engineer-acoustics,scikit_learn,description_text,scikit-learn,1
himalayas::https://himalayas.app/companies/cutsforth-llc/jobs/data-scientist-signal-processing-engineer-acoustics,airflow,description_text,Airflow,1
himalayas::https://himalayas.app/companies/cutsforth-llc/jobs/data-scientist-signal-processing-engineer-acoustics,ci_cd,description_text,CI/CD,1
himalayas::https://himalayas.app/companies/cutsforth-llc/jobs/data-scientist-signal-processing-engineer-acoustics,docker,description_text,Docker,1
himalayas::https://himalayas.app/companies/cutsforth-llc/jobs/data-scientist-signal-processing-engineer-acoustics,aws,description_text,AWS,1
himalayas::https://himalayas.app/companies/cutsforth-llc/jobs/data-scientist-signal-processing-engineer-acoustics,azure,description_text,Azure,1
himalayas::https://himalayas.app/companies/cutsforth-llc/jobs/data-scientist-signal-processing-engineer-acoustics,google_cloud,description_text,GCP,1
himalayas::https://himalayas.app/companies/cutsforth-llc/jobs/data-scientist-signal-processing-engineer-acoustics,machine_learning,description_text,machine learning,1
himalayas::https://himalayas.app/companies/cutsforth-llc/jobs/data-scientist-signal-processing-engineer-acoustics,communication,description_text,communicate findings|communication skills|verbal communication,1
himalayas::https://himalayas.app/companies/cutsforth-llc/jobs/data-scientist-signal-processing-engineer-acoustics,problem_solving,description_text,problem-solving,1
himalayas::https://himalayas.app/companies/victory/jobs/data-scientist,sql,description_text,SQL,1
himalayas::https://himalayas.app/companies/victory/jobs/data-scientist,python,description_text,Python,1
himalayas::https://himalayas.app/companies/victory/jobs/data-scientist,tableau,description_text,Tableau,1
himalayas::https://himalayas.app/companies/victory/jobs/data-scientist,data_visualization,description_text,data visualization|visualization,1
himalayas::https://himalayas.app/companies/victory/jobs/data-scientist,data_modeling,description_text,data modeling,1
himalayas::https://himalayas.app/companies/victory/jobs/data-scientist,aws,description_text,AWS,1
himalayas::https://himalayas.app/companies/victory/jobs/data-scientist,azure,description_text,Azure,1
himalayas::https://himalayas.app/companies/victory/jobs/data-scientist,google_cloud,description_text,GCP,1
himalayas::https://himalayas.app/companies/victory/jobs/data-scientist,statistics,description_text,statistics,1
himalayas::https://himalayas.app/companies/victory/jobs/data-scientist,git,description_text,Git|GitHub,1
himalayas::https://himalayas.app/companies/victory/jobs/data-scientist,problem_solving,description_text,problem-solving,1
himalayas::https://himalayas.app/companies/agilityfeat/jobs/talent-pool-data-engineer,sql,description_text,SQL,1
himalayas::https://himalayas.app/companies/agilityfeat/jobs/talent-pool-data-engineer,python,description_text,Python,1
himalayas::https://himalayas.app/companies/agilityfeat/jobs/talent-pool-data-engineer,dbt,description_text,dbt,1
himalayas::https://himalayas.app/companies/agilityfeat/jobs/talent-pool-data-engineer,etl_elt,description_text|tags,ELT|ETL,2
himalayas::https://himalayas.app/companies/agilityfeat/jobs/talent-pool-data-engineer,airflow,description_text,Airflow,1
himalayas::https://himalayas.app/companies/agilityfeat/jobs/talent-pool-data-engineer,data_warehousing,description_text,data warehouse|data warehouses,1
himalayas::https://himalayas.app/companies/agilityfeat/jobs/talent-pool-data-engineer,snowflake,description_text,Snowflake,1
himalayas::https://himalayas.app/companies/agilityfeat/jobs/talent-pool-data-engineer,bigquery,description_text,BigQuery,1
himalayas::https://himalayas.app/companies/agilityfeat/jobs/talent-pool-data-engineer,redshift,description_text,Redshift,1
himalayas::https://himalayas.app/companies/agilityfeat/jobs/talent-pool-data-engineer,aws,description_text,AWS,1
himalayas::https://himalayas.app/companies/agilityfeat/jobs/talent-pool-data-engineer,azure,description_text,Azure,1
himalayas::https://himalayas.app/companies/agilityfeat/jobs/talent-pool-data-engineer,google_cloud,description_text,GCP,1
himalayas::https://himalayas.app/companies/agilityfeat/jobs/talent-pool-data-engineer,data_quality,description_text,data quality,1
himalayas::https://himalayas.app/companies/agilityfeat/jobs/talent-pool-data-engineer,communication,description_text,communication skills,1
himalayas::https://himalayas.app/companies/agilityfeat/jobs/talent-pool-data-engineer,problem_solving,description_text,problem-solving,1
himalayas::https://himalayas.app/companies/airbnb/jobs/senior-staff-data-scientist-guest-funnel,sql,description_text,SQL,1
himalayas::https://himalayas.app/companies/airbnb/jobs/senior-staff-data-scientist-guest-funnel,python,description_text,Python,1
himalayas::https://himalayas.app/companies/moniepoint/jobs/data-science-manager-credit-2944059389,sql,description_text,SQL,1
himalayas::https://himalayas.app/companies/moniepoint/jobs/data-science-manager-credit-2944059389,python,description_text,Python,1
himalayas::https://himalayas.app/companies/moniepoint/jobs/data-science-manager-credit-2944059389,pandas,description_text,pandas,1
himalayas::https://himalayas.app/companies/moniepoint/jobs/data-science-manager-credit-2944059389,data_modeling,description_text,data modeling,1
himalayas::https://himalayas.app/companies/moniepoint/jobs/data-science-manager-credit-2944059389,statistics,description_text,statistical modeling,1
himalayas::https://himalayas.app/companies/moniepoint/jobs/data-science-manager-credit-2944059389,forecasting,description_text,time series,1
himalayas::https://himalayas.app/companies/moniepoint/jobs/data-science-manager-credit-2944059389,machine_learning,description_text,machine learning,1
himalayas::https://himalayas.app/companies/aspenview-technology-partners-inc/jobs/mid-level-data-engineer-9470819581,sql,description_text,SQL,1
himalayas::https://himalayas.app/companies/aspenview-technology-partners-inc/jobs/mid-level-data-engineer-9470819581,tableau,description_text,Tableau,1
himalayas::https://himalayas.app/companies/aspenview-technology-partners-inc/jobs/mid-level-data-engineer-9470819581,dashboarding,description_text,dashboards,1
himalayas::https://himalayas.app/companies/aspenview-technology-partners-inc/jobs/mid-level-data-engineer-9470819581,data_visualization,description_text,visualization,1
himalayas::https://himalayas.app/companies/aspenview-technology-partners-inc/jobs/mid-level-data-engineer-9470819581,etl_elt,description_text|tags,ELT|ETL,2
himalayas::https://himalayas.app/companies/aspenview-technology-partners-inc/jobs/mid-level-data-engineer-9470819581,data_warehousing,description_text,data warehouse,1
himalayas::https://himalayas.app/companies/aspenview-technology-partners-inc/jobs/mid-level-data-engineer-9470819581,communication,description_text,communication skills,1
himalayas::https://himalayas.app/companies/heliocampus/jobs/data-scientist-i-5014260375,sql,description_text,SQL,1
himalayas::https://himalayas.app/companies/heliocampus/jobs/data-scientist-i-5014260375,python,description_text,Python,1
himalayas::https://himalayas.app/companies/heliocampus/jobs/data-scientist-i-5014260375,power_bi,description_text,Power BI,1
himalayas::https://himalayas.app/companies/heliocampus/jobs/data-scientist-i-5014260375,tableau,description_text,Tableau,1
himalayas::https://himalayas.app/companies/heliocampus/jobs/data-scientist-i-5014260375,dashboarding,description_text,dashboards,1
himalayas::https://himalayas.app/companies/heliocampus/jobs/data-scientist-i-5014260375,data_visualization,description_text,data visualization|visualization,1
himalayas::https://himalayas.app/companies/heliocampus/jobs/data-scientist-i-5014260375,pandas,description_text,pandas,1
himalayas::https://himalayas.app/companies/heliocampus/jobs/data-scientist-i-5014260375,scikit_learn,description_text,scikit-learn,1
himalayas::https://himalayas.app/companies/heliocampus/jobs/data-scientist-i-5014260375,airflow,description_text,Airflow,1
himalayas::https://himalayas.app/companies/heliocampus/jobs/data-scientist-i-5014260375,data_warehousing,description_text,data warehouse,1
himalayas::https://himalayas.app/companies/heliocampus/jobs/data-scientist-i-5014260375,docker,description_text,Docker,1
himalayas::https://himalayas.app/companies/heliocampus/jobs/data-scientist-i-5014260375,redshift,description_text,Amazon Redshift|Redshift,1
himalayas::https://himalayas.app/companies/heliocampus/jobs/data-scientist-i-5014260375,statistics,description_text,statistical analysis,1
himalayas::https://himalayas.app/companies/heliocampus/jobs/data-scientist-i-5014260375,forecasting,description_text,forecasting|time series,1
himalayas::https://himalayas.app/companies/heliocampus/jobs/data-scientist-i-5014260375,machine_learning,description_text,machine learning|predictive modeling,1
himalayas::https://himalayas.app/companies/heliocampus/jobs/data-scientist-i-5014260375,git,description_text,Git,1
himalayas::https://himalayas.app/companies/heliocampus/jobs/data-scientist-i-5014260375,communication,description_text,communication skills,1
himalayas::https://himalayas.app/companies/abridge/jobs/senior-research-data-scientist,sql,description_text,SQL,1
himalayas::https://himalayas.app/companies/abridge/jobs/senior-research-data-scientist,python,description_text,Python,1
himalayas::https://himalayas.app/companies/abridge/jobs/senior-research-data-scientist,data_visualization,description_text,data visualization|visualization,1
himalayas::https://himalayas.app/companies/s5-stratos/jobs/senior-data-engineer,sql,description_text,SQL,1
himalayas::https://himalayas.app/companies/s5-stratos/jobs/senior-data-engineer,python,description_text,Python,1
himalayas::https://himalayas.app/companies/s5-stratos/jobs/senior-data-engineer,etl_elt,description_text|tags,ETL,2
himalayas::https://himalayas.app/companies/s5-stratos/jobs/senior-data-engineer,data_modeling,description_text,data modeling,1
himalayas::https://himalayas.app/companies/s5-stratos/jobs/senior-data-engineer,apis,description_text,APIs,1
himalayas::https://himalayas.app/companies/s5-stratos/jobs/senior-data-engineer,google_cloud,description_text,GCP,1
himalayas::https://himalayas.app/companies/s5-stratos/jobs/senior-data-engineer,data_quality,description_text,data validation,1
himalayas::https://himalayas.app/companies/s5-stratos/jobs/senior-data-engineer,git,description_text,Git,1
himalayas::https://himalayas.app/companies/matrix-global/jobs/senior-business-intelligence-developer,sql,description_text,SQL,1
himalayas::https://himalayas.app/companies/matrix-global/jobs/senior-business-intelligence-developer,python,description_text,Python,1
himalayas::https://himalayas.app/companies/matrix-global/jobs/senior-business-intelligence-developer,power_bi,description_text,Power BI,1
himalayas::https://himalayas.app/companies/matrix-global/jobs/senior-business-intelligence-developer,tableau,description_text,Tableau,1
himalayas::https://himalayas.app/companies/matrix-global/jobs/senior-business-intelligence-developer,looker,description_text,Looker,1
himalayas::https://himalayas.app/companies/matrix-global/jobs/senior-business-intelligence-developer,dashboarding,description_text,dashboards,1
himalayas::https://himalayas.app/companies/matrix-global/jobs/senior-business-intelligence-developer,data_visualization,description_text,data visualization|visualization,1
himalayas::https://himalayas.app/companies/matrix-global/jobs/senior-business-intelligence-developer,data_modeling,description_text,data modeling|dimensional modeling,1
himalayas::https://himalayas.app/companies/matrix-global/jobs/senior-business-intelligence-developer,data_warehousing,description_text,data warehouse,1
himalayas::https://himalayas.app/companies/matrix-global/jobs/senior-business-intelligence-developer,snowflake,description_text,Snowflake,1
himalayas::https://himalayas.app/companies/matrix-global/jobs/senior-business-intelligence-developer,bigquery,description_text,BigQuery,1
himalayas::https://himalayas.app/companies/matrix-global/jobs/senior-business-intelligence-developer,statistics,description_text,statistical analysis,1
himalayas::https://himalayas.app/companies/gropyus/jobs/senior-data-engineer,python,description_text,Python,1
himalayas::https://himalayas.app/companies/gropyus/jobs/senior-data-engineer,microsoft_fabric,description_text,Fabric,1
himalayas::https://himalayas.app/companies/gropyus/jobs/senior-data-engineer,dbt,description_text,dbt,1
himalayas::https://himalayas.app/companies/gropyus/jobs/senior-data-engineer,spark,description_text,Spark,1
himalayas::https://himalayas.app/companies/gropyus/jobs/senior-data-engineer,docker,description_text,Docker,1
himalayas::https://himalayas.app/companies/gropyus/jobs/senior-data-engineer,kubernetes,description_text,Kubernetes,1
himalayas::https://himalayas.app/companies/gropyus/jobs/senior-data-engineer,terraform,description_text,Terraform,1
himalayas::https://himalayas.app/companies/gropyus/jobs/senior-data-engineer,bigquery,description_text,BigQuery,1
himalayas::https://himalayas.app/companies/gropyus/jobs/senior-data-engineer,postgresql,description_text,Postgres,1
himalayas::https://himalayas.app/companies/gropyus/jobs/senior-data-engineer,machine_learning,description_text,machine learning,1
himalayas::https://himalayas.app/companies/gropyus/jobs/senior-data-engineer,data_quality,description_text,data quality,1
himalayas::https://himalayas.app/companies/gropyus/jobs/senior-data-engineer,problem_solving,description_text,problem-solving,1
himalayas::https://himalayas.app/companies/sagalegal/jobs/data-engineer-analytics-amplify-platform,sql,description_text,SQL,1
himalayas::https://himalayas.app/companies/sagalegal/jobs/data-engineer-analytics-amplify-platform,python,description_text,Python,1
himalayas::https://himalayas.app/companies/sagalegal/jobs/data-engineer-analytics-amplify-platform,dashboarding,description_text,dashboards,1
himalayas::https://himalayas.app/companies/sagalegal/jobs/data-engineer-analytics-amplify-platform,data_modeling,description_text,data modelling,1
himalayas::https://himalayas.app/companies/sagalegal/jobs/data-engineer-analytics-amplify-platform,postgresql,description_text,PostgreSQL,1
himalayas::https://himalayas.app/companies/inovalon/jobs/principal-health-data-scientist,sql,description_text,SQL,1
himalayas::https://himalayas.app/companies/inovalon/jobs/principal-health-data-scientist,snowflake,description_text,Snowflake,1
himalayas::https://himalayas.app/companies/inovalon/jobs/principal-health-data-scientist,statistics,description_text,statistical analysis|statistics,1
himalayas::https://himalayas.app/companies/inovalon/jobs/principal-health-data-scientist,machine_learning,description_text,machine learning,1
himalayas::https://himalayas.app/companies/inovalon/jobs/principal-health-data-scientist,data_quality,description_text,quality assurance,1
himalayas::https://himalayas.app/companies/inovalon/jobs/principal-health-data-scientist,sas,description_text,SAS,1
himalayas::https://himalayas.app/companies/inovalon/jobs/principal-health-data-scientist,communication,description_text,communicate findings|communication skills|verbal communication,1
himalayas::https://himalayas.app/companies/inovalon/jobs/principal-health-data-scientist,problem_solving,description_text,problem solving|problem-solving,1
himalayas::https://himalayas.app/companies/mtm-llc/jobs/salesforce-data-analyst-2996504362,excel,description_text,Excel,1
himalayas::https://himalayas.app/companies/mtm-llc/jobs/salesforce-data-analyst-2996504362,power_bi,description_text,Power BI,1
himalayas::https://himalayas.app/companies/mtm-llc/jobs/salesforce-data-analyst-2996504362,dashboarding,description_text,dashboards,1
himalayas::https://himalayas.app/companies/oowlish-technology/jobs/data-analyst-product-customer-analytics,sql,description_text,SQL,1
himalayas::https://himalayas.app/companies/oowlish-technology/jobs/data-analyst-product-customer-analytics,python,description_text,Python,1
himalayas::https://himalayas.app/companies/oowlish-technology/jobs/data-analyst-product-customer-analytics,power_bi,description_text,Power BI,1
himalayas::https://himalayas.app/companies/oowlish-technology/jobs/data-analyst-product-customer-analytics,tableau,description_text,Tableau,1
himalayas::https://himalayas.app/companies/oowlish-technology/jobs/data-analyst-product-customer-analytics,looker,description_text,Looker,1
himalayas::https://himalayas.app/companies/oowlish-technology/jobs/data-analyst-product-customer-analytics,dashboarding,description_text,dashboards,1
himalayas::https://himalayas.app/companies/oowlish-technology/jobs/data-analyst-product-customer-analytics,data_visualization,description_text,data visualization|visualization,1
himalayas::https://himalayas.app/companies/oowlish-technology/jobs/data-analyst-product-customer-analytics,bigquery,description_text,BigQuery,1
himalayas::https://himalayas.app/companies/oowlish-technology/jobs/data-analyst-product-customer-analytics,statistics,description_text,statistical analysis,1
himalayas::https://himalayas.app/companies/oowlish-technology/jobs/data-analyst-product-customer-analytics,forecasting,description_text,forecasting,1
himalayas::https://himalayas.app/companies/oowlish-technology/jobs/data-analyst-product-customer-analytics,ab_testing,description_text,A/B testing,1
himalayas::https://himalayas.app/companies/oowlish-technology/jobs/data-analyst-product-customer-analytics,data_quality,description_text,data quality,1
himalayas::https://himalayas.app/companies/oowlish-technology/jobs/data-analyst-product-customer-analytics,communication,description_text,communication skills,1
himalayas::https://himalayas.app/companies/oowlish-technology/jobs/data-analyst-product-customer-analytics,problem_solving,description_text,problem-solving,1
himalayas::https://himalayas.app/companies/oowlish-technology/jobs/data-analyst-product-customer-analytics,business_acumen,description_text,business acumen,1
himalayas::https://himalayas.app/companies/delan-associates/jobs/data-analyst,sql,description_text,SQL,1
himalayas::https://himalayas.app/companies/delan-associates/jobs/data-analyst,python,description_text,Python,1
himalayas::https://himalayas.app/companies/delan-associates/jobs/data-analyst,power_bi,description_text,Power BI,1
himalayas::https://himalayas.app/companies/delan-associates/jobs/data-analyst,tableau,description_text,Tableau,1
himalayas::https://himalayas.app/companies/delan-associates/jobs/data-analyst,databricks,description_text,Databricks,1
himalayas::https://himalayas.app/companies/delan-associates/jobs/data-analyst,data_governance,description_text,data governance,1
himalayas::https://himalayas.app/companies/delan-associates/jobs/data-analyst,data_quality,description_text,data quality,1
himalayas::https://himalayas.app/companies/delan-associates/jobs/data-analyst,communication,description_text,communication skills,1
himalayas::https://himalayas.app/companies/delan-associates/jobs/data-analyst,problem_solving,description_text,problem-solving,1
himalayas::https://himalayas.app/companies/reddit/jobs/sr-staff-data-scientist-ads-measurement-signals-privacy,sql,description_text,SQL,1
himalayas::https://himalayas.app/companies/reddit/jobs/sr-staff-data-scientist-ads-measurement-signals-privacy,python,description_text,Python,1
himalayas::https://himalayas.app/companies/reddit/jobs/sr-staff-data-scientist-ads-measurement-signals-privacy,dashboarding,description_text,dashboards,1
himalayas::https://himalayas.app/companies/reddit/jobs/sr-staff-data-scientist-ads-measurement-signals-privacy,statistics,description_text,statistical modeling,1
himalayas::https://himalayas.app/companies/reddit/jobs/sr-staff-data-scientist-ads-measurement-signals-privacy,machine_learning,description_text,machine learning,1
himalayas::https://himalayas.app/companies/reddit/jobs/sr-staff-data-scientist-ads-measurement-signals-privacy,data_quality,description_text,data quality,1
himalayas::https://himalayas.app/companies/sport-alliance-gmbh/jobs/ai-first-data-engineer-m-f-d-3061064998,sql,description_text,SQL,1
himalayas::https://himalayas.app/companies/sport-alliance-gmbh/jobs/ai-first-data-engineer-m-f-d-3061064998,python,description_text,Python,1
himalayas::https://himalayas.app/companies/sport-alliance-gmbh/jobs/ai-first-data-engineer-m-f-d-3061064998,dbt,description_text,dbt,1
himalayas::https://himalayas.app/companies/sport-alliance-gmbh/jobs/ai-first-data-engineer-m-f-d-3061064998,etl_elt,description_text,ELT|ETL,1
himalayas::https://himalayas.app/companies/sport-alliance-gmbh/jobs/ai-first-data-engineer-m-f-d-3061064998,airflow,description_text,Airflow,1
himalayas::https://himalayas.app/companies/sport-alliance-gmbh/jobs/ai-first-data-engineer-m-f-d-3061064998,spark,description_text,Spark,1
himalayas::https://himalayas.app/companies/sport-alliance-gmbh/jobs/ai-first-data-engineer-m-f-d-3061064998,data_modeling,description_text,data modeling|dimensional modeling,1
himalayas::https://himalayas.app/companies/sport-alliance-gmbh/jobs/ai-first-data-engineer-m-f-d-3061064998,data_warehousing,description_text,data warehousing,1
himalayas::https://himalayas.app/companies/sport-alliance-gmbh/jobs/ai-first-data-engineer-m-f-d-3061064998,redshift,description_text,Redshift,1
himalayas::https://himalayas.app/companies/sport-alliance-gmbh/jobs/ai-first-data-engineer-m-f-d-3061064998,aws,description_text,AWS,1
himalayas::https://himalayas.app/companies/sport-alliance-gmbh/jobs/ai-first-data-engineer-m-f-d-3061064998,azure,description_text,Azure,1
himalayas::https://himalayas.app/companies/sport-alliance-gmbh/jobs/ai-first-data-engineer-m-f-d-3061064998,google_cloud,description_text,GCP,1
himalayas::https://himalayas.app/companies/liberty-university/jobs/business-data-analyst-i,sql,description_text,SQL,1
himalayas::https://himalayas.app/companies/liberty-university/jobs/business-data-analyst-i,excel,description_text,Excel,1
himalayas::https://himalayas.app/companies/liberty-university/jobs/business-data-analyst-i,tableau,description_text,Tableau,1
himalayas::https://himalayas.app/companies/liberty-university/jobs/business-data-analyst-i,data_visualization,description_text,visualization,1
himalayas::https://himalayas.app/companies/liberty-university/jobs/business-data-analyst-i,communication,description_text,communication skills,1
himalayas::https://himalayas.app/companies/liberty-university/jobs/business-data-analyst-i,problem_solving,description_text,problem solving,1
himalayas::https://himalayas.app/companies/eastwood-cleef-llc/jobs/senior-data-analyst,sql,description_text,SQL|Structured Query Language,1
himalayas::https://himalayas.app/companies/eastwood-cleef-llc/jobs/senior-data-analyst,python,description_text,Python,1
himalayas::https://himalayas.app/companies/eastwood-cleef-llc/jobs/senior-data-analyst,dashboarding,description_text,dashboards,1
himalayas::https://himalayas.app/companies/eastwood-cleef-llc/jobs/senior-data-analyst,data_visualization,description_text,visualization,1
himalayas::https://himalayas.app/companies/eastwood-cleef-llc/jobs/senior-data-analyst,aws,description_text,AWS,1
himalayas::https://himalayas.app/companies/eastwood-cleef-llc/jobs/senior-data-analyst,google_cloud,description_text,Google Cloud,1
himalayas::https://himalayas.app/companies/eastwood-cleef-llc/jobs/senior-data-analyst,statistics,description_text,statistical analysis,1
himalayas::https://himalayas.app/companies/eastwood-cleef-llc/jobs/senior-data-analyst,communication,description_text,communication skills,1
himalayas::https://himalayas.app/companies/eastwood-cleef-llc/jobs/machine-learning-developer,python,description_text,Python,1
himalayas::https://himalayas.app/companies/eastwood-cleef-llc/jobs/machine-learning-developer,airflow,description_text,Airflow,1
himalayas::https://himalayas.app/companies/eastwood-cleef-llc/jobs/machine-learning-developer,google_cloud,description_text,Google Cloud,1
himalayas::https://himalayas.app/companies/eastwood-cleef-llc/jobs/machine-learning-developer,statistics,description_text,statistical analysis,1
himalayas::https://himalayas.app/companies/eastwood-cleef-llc/jobs/machine-learning-developer,machine_learning,description_text|job_title_raw,machine learning,2
himalayas::https://himalayas.app/companies/arootah/jobs/fractional-data-scientist-advisor-network,sql,description_text,SQL,1
himalayas::https://himalayas.app/companies/arootah/jobs/fractional-data-scientist-advisor-network,python,description_text,Python,1
himalayas::https://himalayas.app/companies/arootah/jobs/fractional-data-scientist-advisor-network,tableau,description_text,Tableau,1
himalayas::https://himalayas.app/companies/arootah/jobs/fractional-data-scientist-advisor-network,looker,description_text,Looker,1
himalayas::https://himalayas.app/companies/arootah/jobs/fractional-data-scientist-advisor-network,qlik,description_text,QlikView,1
himalayas::https://himalayas.app/companies/arootah/jobs/fractional-data-scientist-advisor-network,dashboarding,description_text,dashboarding|dashboards,1
himalayas::https://himalayas.app/companies/arootah/jobs/fractional-data-scientist-advisor-network,data_visualization,description_text,data visualization|visualization,1
himalayas::https://himalayas.app/companies/arootah/jobs/fractional-data-scientist-advisor-network,spark,description_text,Apache Spark|Spark,1
himalayas::https://himalayas.app/companies/arootah/jobs/fractional-data-scientist-advisor-network,machine_learning,description_text,machine learning,1
himalayas::https://himalayas.app/companies/arootah/jobs/fractional-data-scientist-advisor-network,data_quality,description_text,data quality,1
himalayas::https://himalayas.app/companies/imagemaker/jobs/data-engineer-cl-co,sql,description_text,SQL,1
himalayas::https://himalayas.app/companies/imagemaker/jobs/data-engineer-cl-co,python,description_text,Python,1
himalayas::https://himalayas.app/companies/imagemaker/jobs/data-engineer-cl-co,looker,description_text,Looker|Looker Studio,1
himalayas::https://himalayas.app/companies/imagemaker/jobs/data-engineer-cl-co,etl_elt,description_text|tags,ELT|ETL,2
himalayas::https://himalayas.app/companies/imagemaker/jobs/data-engineer-cl-co,apis,description_text,API,1
himalayas::https://himalayas.app/companies/imagemaker/jobs/data-engineer-cl-co,google_cloud,description_text,GCP|Google Cloud|Google Cloud Platform,1
himalayas::https://himalayas.app/companies/rr-donnelley/jobs/il0219-data-scientist-1075041472,python,description_text,Python,1
himalayas::https://himalayas.app/companies/rr-donnelley/jobs/il0219-data-scientist-1075041472,tableau,description_text,Tableau,1
himalayas::https://himalayas.app/companies/rr-donnelley/jobs/il0219-data-scientist-1075041472,data_visualization,description_text,data visualization|visualization,1
himalayas::https://himalayas.app/companies/rr-donnelley/jobs/il0219-data-scientist-1075041472,spark,description_text,PySpark,1
himalayas::https://himalayas.app/companies/rr-donnelley/jobs/il0219-data-scientist-1075041472,snowflake,description_text,Snowflake,1
himalayas::https://himalayas.app/companies/rr-donnelley/jobs/il0219-data-scientist-1075041472,redshift,description_text,Redshift,1
himalayas::https://himalayas.app/companies/rr-donnelley/jobs/il0219-data-scientist-1075041472,postgresql,description_text,PostgreSQL,1
himalayas::https://himalayas.app/companies/rr-donnelley/jobs/il0219-data-scientist-1075041472,mysql,description_text,MySQL,1
himalayas::https://himalayas.app/companies/rr-donnelley/jobs/il0219-data-scientist-1075041472,aws,description_text,AWS,1
himalayas::https://himalayas.app/companies/rr-donnelley/jobs/il0219-data-scientist-1075041472,statistics,description_text,statistics,1
himalayas::https://himalayas.app/companies/rr-donnelley/jobs/il0219-data-scientist-1075041472,machine_learning,description_text,machine learning,1
himalayas::https://himalayas.app/companies/rr-donnelley/jobs/il0219-data-scientist-1075041472,git,description_text,Git,1
himalayas::https://himalayas.app/companies/ursa-space-systems/jobs/sr-data-engineer,sql,description_text,SQL,1
himalayas::https://himalayas.app/companies/ursa-space-systems/jobs/sr-data-engineer,python,description_text,Python,1
himalayas::https://himalayas.app/companies/ursa-space-systems/jobs/sr-data-engineer,dbt,description_text,dbt,1
himalayas::https://himalayas.app/companies/ursa-space-systems/jobs/sr-data-engineer,etl_elt,description_text,ELT|ETL,1
himalayas::https://himalayas.app/companies/ursa-space-systems/jobs/sr-data-engineer,spark,description_text,PySpark|Spark,1
himalayas::https://himalayas.app/companies/ursa-space-systems/jobs/sr-data-engineer,databricks,description_text,Databricks,1
himalayas::https://himalayas.app/companies/ursa-space-systems/jobs/sr-data-engineer,data_modeling,description_text,data modeling,1
himalayas::https://himalayas.app/companies/ursa-space-systems/jobs/sr-data-engineer,data_warehousing,description_text,data warehouses|data warehousing|lakehouse,1
himalayas::https://himalayas.app/companies/ursa-space-systems/jobs/sr-data-engineer,ci_cd,description_text,CI/CD,1
himalayas::https://himalayas.app/companies/ursa-space-systems/jobs/sr-data-engineer,snowflake,description_text,Snowflake,1
himalayas::https://himalayas.app/companies/ursa-space-systems/jobs/sr-data-engineer,azure,description_text,Azure,1
himalayas::https://himalayas.app/companies/ursa-space-systems/jobs/sr-data-engineer,machine_learning,description_text,machine learning,1
himalayas::https://himalayas.app/companies/ursa-space-systems/jobs/sr-data-engineer,data_governance,description_text,data governance,1
himalayas::https://himalayas.app/companies/ursa-space-systems/jobs/sr-data-engineer,problem_solving,description_text,problem-solving,1
himalayas::https://himalayas.app/companies/marie-curie/jobs/performance-and-insight-analyst,sql,description_text,SQL,1
himalayas::https://himalayas.app/companies/marie-curie/jobs/performance-and-insight-analyst,excel,description_text,Excel,1
himalayas::https://himalayas.app/companies/marie-curie/jobs/performance-and-insight-analyst,power_bi,description_text,Power BI,1
himalayas::https://himalayas.app/companies/marie-curie/jobs/performance-and-insight-analyst,dax,description_text,DAX,1
himalayas::https://himalayas.app/companies/marie-curie/jobs/performance-and-insight-analyst,dashboarding,description_text,dashboard|dashboards,1
himalayas::https://himalayas.app/companies/marie-curie/jobs/performance-and-insight-analyst,data_modeling,description_text,data modelling|semantic model,1
himalayas::https://himalayas.app/companies/marie-curie/jobs/performance-and-insight-analyst,data_quality,description_text,data quality,1
himalayas::https://himalayas.app/companies/marie-curie/jobs/performance-and-insight-analyst,problem_solving,description_text,problem-solving,1
himalayas::https://himalayas.app/companies/partner-one-capital/jobs/data-engineer,sql,description_text|tags,SQL,2
himalayas::https://himalayas.app/companies/partner-one-capital/jobs/data-engineer,python,description_text,Python,1
himalayas::https://himalayas.app/companies/partner-one-capital/jobs/data-engineer,power_query,description_text,Power Query,1
himalayas::https://himalayas.app/companies/partner-one-capital/jobs/data-engineer,microsoft_fabric,description_text,Fabric|Microsoft Fabric,1
himalayas::https://himalayas.app/companies/partner-one-capital/jobs/data-engineer,dashboarding,description_text,dashboards,1
himalayas::https://himalayas.app/companies/partner-one-capital/jobs/data-engineer,dbt,description_text,dbt,1
himalayas::https://himalayas.app/companies/partner-one-capital/jobs/data-engineer,etl_elt,description_text|tags,ETL,2
himalayas::https://himalayas.app/companies/partner-one-capital/jobs/data-engineer,data_modeling,description_text,dimensional modeling,1
himalayas::https://himalayas.app/companies/partner-one-capital/jobs/data-engineer,data_warehousing,description_text,lakehouse,1
himalayas::https://himalayas.app/companies/partner-one-capital/jobs/data-engineer,data_governance,description_text,data governance,1
himalayas::https://himalayas.app/companies/partner-one-capital/jobs/data-engineer,data_quality,description_text,data quality|data validation,1
himalayas::https://himalayas.app/companies/partner-one-capital/jobs/data-engineer,git,description_text,Git,1
himalayas::https://himalayas.app/companies/vdk-groep-b-v/jobs/data-engineer-randstad,sql,description_text,SQL,1
himalayas::https://himalayas.app/companies/vdk-groep-b-v/jobs/data-engineer-randstad,python,description_text,Python,1
himalayas::https://himalayas.app/companies/vdk-groep-b-v/jobs/data-engineer-randstad,dbt,description_text,dbt,1
himalayas::https://himalayas.app/companies/vdk-groep-b-v/jobs/data-engineer-randstad,airflow,description_text,Airflow,1
himalayas::https://himalayas.app/companies/vdk-groep-b-v/jobs/data-engineer-randstad,ci_cd,description_text,CI/CD,1
himalayas::https://himalayas.app/companies/vdk-groep-b-v/jobs/data-engineer-randstad,docker,description_text,Docker,1
himalayas::https://himalayas.app/companies/vdk-groep-b-v/jobs/data-engineer-randstad,terraform,description_text,Terraform,1
himalayas::https://himalayas.app/companies/vdk-groep-b-v/jobs/data-engineer-randstad,snowflake,description_text,Snowflake,1
himalayas::https://himalayas.app/companies/vdk-groep-b-v/jobs/data-engineer-randstad,aws,description_text,AWS,1
himalayas::https://himalayas.app/companies/vdk-groep-b-v/jobs/data-engineer-randstad,azure,description_text,Azure,1
himalayas::https://himalayas.app/companies/vdk-groep-b-v/jobs/data-engineer-randstad,google_cloud,description_text,GCP,1
himalayas::https://himalayas.app/companies/marktine-technology-solutions-pvt-ltd/jobs/azure-data-engineer,sql,description_text,SQL,1
himalayas::https://himalayas.app/companies/marktine-technology-solutions-pvt-ltd/jobs/azure-data-engineer,etl_elt,tags,ETL,1
himalayas::https://himalayas.app/companies/marktine-technology-solutions-pvt-ltd/jobs/azure-data-engineer,data_warehousing,description_text,data warehouse,1
himalayas::https://himalayas.app/companies/marktine-technology-solutions-pvt-ltd/jobs/azure-data-engineer,sql_server,description_text,Microsoft SQL Server|SQL Server,1
himalayas::https://himalayas.app/companies/marktine-technology-solutions-pvt-ltd/jobs/azure-data-engineer,azure,description_text|job_title_raw|tags,Azure,3
himalayas::https://himalayas.app/companies/marktine-technology-solutions-pvt-ltd/jobs/azure-data-engineer,communication,description_text,communication skills,1
himalayas::https://himalayas.app/companies/parsons-corporation/jobs/data-engineer-9355376827,sql,description_text,SQL,1
himalayas::https://himalayas.app/companies/parsons-corporation/jobs/data-engineer-9355376827,python,description_text,Python,1
himalayas::https://himalayas.app/companies/parsons-corporation/jobs/data-engineer-9355376827,etl_elt,description_text|tags,ETL,2
himalayas::https://himalayas.app/companies/parsons-corporation/jobs/data-engineer-9355376827,spark,description_text,Spark,1
himalayas::https://himalayas.app/companies/parsons-corporation/jobs/data-engineer-9355376827,data_modeling,description_text,data modeling,1
himalayas::https://himalayas.app/companies/parsons-corporation/jobs/data-engineer-9355376827,apis,description_text,APIs,1
himalayas::https://himalayas.app/companies/parsons-corporation/jobs/data-engineer-9355376827,docker,description_text,Docker,1
himalayas::https://himalayas.app/companies/parsons-corporation/jobs/data-engineer-9355376827,kubernetes,description_text,Kubernetes,1
himalayas::https://himalayas.app/companies/parsons-corporation/jobs/data-engineer-9355376827,postgresql,description_text,Postgres,1
himalayas::https://himalayas.app/companies/parsons-corporation/jobs/data-engineer-9355376827,mysql,description_text,MySQL,1
himalayas::https://himalayas.app/companies/parsons-corporation/jobs/data-engineer-9355376827,aws,description_text,AWS,1
himalayas::https://himalayas.app/companies/parsons-corporation/jobs/data-engineer-9355376827,azure,description_text,Azure,1
himalayas::https://himalayas.app/companies/parsons-corporation/jobs/data-engineer-9355376827,machine_learning,description_text,predictive modeling,1
himalayas::https://himalayas.app/companies/parsons-corporation/jobs/data-engineer-9355376827,data_governance,description_text,data governance,1
himalayas::https://himalayas.app/companies/parsons-corporation/jobs/data-engineer-9355376827,data_quality,description_text,data quality|data validation,1
himalayas::https://himalayas.app/companies/parsons-corporation/jobs/data-engineer-9355376827,communication,description_text,communication skills,1
himalayas::https://himalayas.app/companies/parsons-corporation/jobs/data-engineer-9355376827,problem_solving,description_text,problem-solving,1
himalayas::https://himalayas.app/companies/velaio/jobs/business-intelligence-engineer,sql,description_text,SQL,1
himalayas::https://himalayas.app/companies/velaio/jobs/business-intelligence-engineer,power_bi,description_text,Power BI,1
himalayas::https://himalayas.app/companies/velaio/jobs/business-intelligence-engineer,sql_server,description_text,SQL Server,1
himalayas::https://himalayas.app/companies/blend360/jobs/senior-data-engineer-6942641215,sql,description_text,SQL,1
himalayas::https://himalayas.app/companies/blend360/jobs/senior-data-engineer-6942641215,python,description_text,Python,1
himalayas::https://himalayas.app/companies/blend360/jobs/senior-data-engineer-6942641215,etl_elt,description_text|tags,ETL,2
himalayas::https://himalayas.app/companies/blend360/jobs/senior-data-engineer-6942641215,databricks,description_text,Databricks,1
himalayas::https://himalayas.app/companies/blend360/jobs/senior-data-engineer-6942641215,snowflake,description_text|tags,Snowflake,2
himalayas::https://himalayas.app/companies/blend360/jobs/senior-data-engineer-6942641215,aws,description_text,AWS,1
himalayas::https://himalayas.app/companies/blend360/jobs/senior-data-engineer-6942641215,data_quality,description_text,data quality|data validation,1
himalayas::https://himalayas.app/companies/doordash/jobs/data-analyst-in-store,sql,description_text,SQL,1
himalayas::https://himalayas.app/companies/doordash/jobs/data-analyst-in-store,excel,description_text,Excel,1
himalayas::https://himalayas.app/companies/doordash/jobs/data-analyst-in-store,tableau,description_text,Tableau,1
himalayas::https://himalayas.app/companies/doordash/jobs/data-analyst-in-store,looker,description_text,Looker,1
himalayas::https://himalayas.app/companies/doordash/jobs/data-analyst-in-store,dashboarding,description_text,dashboards,1
himalayas::https://himalayas.app/companies/doordash/jobs/data-analyst-in-store,machine_learning,description_text,predictive modeling,1
himalayas::https://himalayas.app/companies/doordash/jobs/data-analyst-in-store,communication,description_text,communication skills|verbal communication,1
himalayas::https://himalayas.app/companies/d-ploy/jobs/data-analyst-with-spectroscopy-background,python,description_text,Python,1
himalayas::https://himalayas.app/companies/d-ploy/jobs/data-analyst-with-spectroscopy-background,numpy,description_text,NumPy,1
himalayas::https://himalayas.app/companies/buxton/jobs/predictive-data-analyst-contract-position-12-months-6571283436,sql,description_text,SQL,1
himalayas::https://himalayas.app/companies/buxton/jobs/predictive-data-analyst-contract-position-12-months-6571283436,python,description_text,Python,1
himalayas::https://himalayas.app/companies/buxton/jobs/predictive-data-analyst-contract-position-12-months-6571283436,statistics,description_text,statistical analysis|statistical modeling,1
himalayas::https://himalayas.app/companies/buxton/jobs/predictive-data-analyst-contract-position-12-months-6571283436,machine_learning,description_text,predictive modeling,1
himalayas::https://himalayas.app/companies/buxton/jobs/predictive-data-analyst-contract-position-12-months-6571283436,communication,description_text,communicate findings|communication skills|verbal communication,1
himalayas::https://himalayas.app/companies/buxton/jobs/predictive-data-analyst-contract-position-12-months-6571283436,problem_solving,description_text,problem-solving,1
himalayas::https://himalayas.app/companies/analytica/jobs/technical-business-analyst,sql,description_text,SQL,1
himalayas::https://himalayas.app/companies/analytica/jobs/technical-business-analyst,power_bi,description_text,Power BI,1
himalayas::https://himalayas.app/companies/analytica/jobs/technical-business-analyst,tableau,description_text,Tableau,1
himalayas::https://himalayas.app/companies/analytica/jobs/technical-business-analyst,dashboarding,description_text,dashboards,1
himalayas::https://himalayas.app/companies/analytica/jobs/technical-business-analyst,data_visualization,description_text,data visualization|visualization,1
himalayas::https://himalayas.app/companies/analytica/jobs/technical-business-analyst,etl_elt,description_text|tags,ETL,2
himalayas::https://himalayas.app/companies/analytica/jobs/technical-business-analyst,data_modeling,description_text,data modeling,1
himalayas::https://himalayas.app/companies/analytica/jobs/technical-business-analyst,data_warehousing,description_text,data warehouse|data warehousing,1
himalayas::https://himalayas.app/companies/analytica/jobs/technical-business-analyst,data_governance,description_text,data governance,1
himalayas::https://himalayas.app/companies/analytica/jobs/technical-business-analyst,data_quality,description_text,data quality,1
himalayas::https://himalayas.app/companies/analytica/jobs/technical-business-analyst,stakeholder_management,description_text,stakeholder communication,1
himalayas::https://himalayas.app/companies/analytica/jobs/technical-business-analyst,communication,description_text,communication skills,1
himalayas::https://himalayas.app/companies/analytica/jobs/technical-business-analyst,problem_solving,description_text,problem-solving,1
himalayas::https://himalayas.app/companies/marktine-technology-solutions-pvt-ltd/jobs/power-bi-developer,sql,description_text|tags,SQL,2
himalayas::https://himalayas.app/companies/marktine-technology-solutions-pvt-ltd/jobs/power-bi-developer,power_bi,description_text|job_title_raw,Power BI,2
himalayas::https://himalayas.app/companies/marktine-technology-solutions-pvt-ltd/jobs/power-bi-developer,qlik,description_text,Qlik,1
himalayas::https://himalayas.app/companies/marktine-technology-solutions-pvt-ltd/jobs/power-bi-developer,dax,description_text,DAX,1
himalayas::https://himalayas.app/companies/marktine-technology-solutions-pvt-ltd/jobs/power-bi-developer,power_query,description_text,Power Query,1
himalayas::https://himalayas.app/companies/marktine-technology-solutions-pvt-ltd/jobs/power-bi-developer,dashboarding,description_text,dashboards,1
himalayas::https://himalayas.app/companies/marktine-technology-solutions-pvt-ltd/jobs/power-bi-developer,data_warehousing,description_text,data warehouse,1
himalayas::https://himalayas.app/companies/marktine-technology-solutions-pvt-ltd/jobs/power-bi-developer,sql_server,description_text,SQL Server,1
himalayas::https://himalayas.app/companies/marktine-technology-solutions-pvt-ltd/jobs/power-bi-developer,data_quality,description_text,data quality,1
himalayas::https://himalayas.app/companies/marktine-technology-solutions-pvt-ltd/jobs/data-analyst-tableau-developer,sql,description_text,SQL,1
himalayas::https://himalayas.app/companies/marktine-technology-solutions-pvt-ltd/jobs/data-analyst-tableau-developer,tableau,description_text|job_title_raw|tags,Tableau,3
himalayas::https://himalayas.app/companies/marktine-technology-solutions-pvt-ltd/jobs/data-analyst-tableau-developer,data_visualization,description_text|tags,data visualization|visualization,2
himalayas::https://himalayas.app/companies/marktine-technology-solutions-pvt-ltd/jobs/data-analyst-tableau-developer,sql_server,description_text,SQL Server,1
himalayas::https://himalayas.app/companies/marktine-technology-solutions-pvt-ltd/jobs/data-analyst-tableau-developer,sas,description_text,SAS,1
himalayas::https://himalayas.app/companies/marktine-technology-solutions-pvt-ltd/jobs/data-analyst-tableau-developer,communication,description_text,communication skills,1
himalayas::https://himalayas.app/companies/wellsky/jobs/data-engineer,sql,description_text,SQL,1
himalayas::https://himalayas.app/companies/wellsky/jobs/data-engineer,python,description_text,Python,1
himalayas::https://himalayas.app/companies/wellsky/jobs/data-engineer,data_visualization,description_text,data visualization|visualization,1
himalayas::https://himalayas.app/companies/wellsky/jobs/data-engineer,etl_elt,description_text|tags,ETL,2
himalayas::https://himalayas.app/companies/wellsky/jobs/data-engineer,airflow,description_text,Airflow,1
himalayas::https://himalayas.app/companies/wellsky/jobs/data-engineer,data_modeling,description_text,data modeling,1
himalayas::https://himalayas.app/companies/wellsky/jobs/data-engineer,data_warehousing,description_text,data warehouse|data warehouses|data warehousing,1
himalayas::https://himalayas.app/companies/wellsky/jobs/data-engineer,apis,description_text,APIs,1
himalayas::https://himalayas.app/companies/wellsky/jobs/data-engineer,snowflake,description_text,Snowflake,1
himalayas::https://himalayas.app/companies/wellsky/jobs/data-engineer,bigquery,description_text,BigQuery,1
himalayas::https://himalayas.app/companies/wellsky/jobs/data-engineer,google_cloud,description_text,GCP,1
himalayas::https://himalayas.app/companies/wellsky/jobs/data-engineer,data_quality,description_text,data quality,1
himalayas::https://himalayas.app/companies/wellsky/jobs/data-engineer,communication,description_text,communication skills|written communication,1
himalayas::https://himalayas.app/companies/wellsky/jobs/data-engineer,problem_solving,description_text,problem solving,1
himalayas::https://himalayas.app/companies/hopscotch-primary-care/jobs/senior-data-engineer,python,description_text,Python,1
himalayas::https://himalayas.app/companies/hopscotch-primary-care/jobs/senior-data-engineer,dbt,description_text,dbt,1
himalayas::https://himalayas.app/companies/hopscotch-primary-care/jobs/senior-data-engineer,spark,description_text,PySpark,1
himalayas::https://himalayas.app/companies/hopscotch-primary-care/jobs/senior-data-engineer,databricks,description_text,Databricks,1
himalayas::https://himalayas.app/companies/hopscotch-primary-care/jobs/senior-data-engineer,snowflake,description_text,Snowflake,1
himalayas::https://himalayas.app/companies/hopscotch-primary-care/jobs/senior-data-engineer,aws,description_text,AWS,1
himalayas::https://himalayas.app/companies/hopscotch-primary-care/jobs/senior-data-engineer,azure,description_text,Azure,1
himalayas::https://himalayas.app/companies/hopscotch-primary-care/jobs/senior-data-engineer,google_cloud,description_text,GCP,1
himalayas::https://himalayas.app/companies/hopscotch-primary-care/jobs/senior-data-engineer,data_quality,description_text,data quality,1
himalayas::https://himalayas.app/companies/hopscotch-primary-care/jobs/senior-data-engineer,problem_solving,description_text,problem solving,1
himalayas::https://himalayas.app/companies/qurate-retail-group/jobs/marketing-analyst,sql,description_text,SQL,1
himalayas::https://himalayas.app/companies/qurate-retail-group/jobs/marketing-analyst,excel,description_text,Excel,1
himalayas::https://himalayas.app/companies/qurate-retail-group/jobs/marketing-analyst,power_bi,description_text,PowerBI,1
himalayas::https://himalayas.app/companies/qurate-retail-group/jobs/marketing-analyst,data_visualization,description_text,visualization,1
himalayas::https://himalayas.app/companies/henry-schein/jobs/senior-data-analyst-ii,sql,description_text,SQL,1
himalayas::https://himalayas.app/companies/henry-schein/jobs/senior-data-analyst-ii,python,description_text,Python,1
himalayas::https://himalayas.app/companies/henry-schein/jobs/senior-data-analyst-ii,dbt,description_text,dbt,1
himalayas::https://himalayas.app/companies/henry-schein/jobs/senior-data-analyst-ii,aws,description_text,AWS,1
himalayas::https://himalayas.app/companies/henry-schein/jobs/senior-data-analyst-ii,forecasting,description_text,forecasting,1
himalayas::https://himalayas.app/companies/henry-schein/jobs/senior-data-analyst-ii,ab_testing,description_text,AB testing,1
himalayas::https://himalayas.app/companies/henry-schein/jobs/senior-data-analyst-ii,stakeholder_management,description_text,stakeholder engagement,1
himalayas::https://himalayas.app/companies/tech-holding/jobs/bi-engineer-contract,sql,description_text,SQL,1
himalayas::https://himalayas.app/companies/tech-holding/jobs/bi-engineer-contract,power_bi,description_text,Power BI,1
himalayas::https://himalayas.app/companies/tech-holding/jobs/bi-engineer-contract,dax,description_text,DAX,1
himalayas::https://himalayas.app/companies/tech-holding/jobs/bi-engineer-contract,power_query,description_text,Power Query,1
himalayas::https://himalayas.app/companies/tech-holding/jobs/bi-engineer-contract,dashboarding,description_text,dashboard|dashboards,1
himalayas::https://himalayas.app/companies/tech-holding/jobs/bi-engineer-contract,data_modeling,description_text,data modeling,1
himalayas::https://himalayas.app/companies/tech-holding/jobs/bi-engineer-contract,ci_cd,description_text,CI/CD,1
himalayas::https://himalayas.app/companies/tech-holding/jobs/bi-engineer-contract,snowflake,description_text,Snowflake,1
himalayas::https://himalayas.app/companies/tech-holding/jobs/bi-engineer-contract,redshift,description_text,Amazon Redshift|Redshift,1
himalayas::https://himalayas.app/companies/tech-holding/jobs/bi-engineer-contract,aws,description_text,AWS,1
himalayas::https://himalayas.app/companies/tech-holding/jobs/bi-engineer-contract,git,description_text,Git,1
himalayas::https://himalayas.app/companies/tech-holding/jobs/bi-engineer-contract,communication,description_text,communication skills,1
himalayas::https://himalayas.app/companies/fyst/jobs/lead-data-engineer-partner-company-role-3276127610,python,description_text,Python,1
himalayas::https://himalayas.app/companies/fyst/jobs/lead-data-engineer-partner-company-role-3276127610,dbt,description_text,dbt,1
himalayas::https://himalayas.app/companies/fyst/jobs/lead-data-engineer-partner-company-role-3276127610,airflow,description_text,Airflow,1
himalayas::https://himalayas.app/companies/fyst/jobs/lead-data-engineer-partner-company-role-3276127610,kubernetes,description_text,Kubernetes,1
himalayas::https://himalayas.app/companies/fyst/jobs/lead-data-engineer-partner-company-role-3276127610,snowflake,description_text,Snowflake,1
himalayas::https://himalayas.app/companies/fyst/jobs/lead-data-engineer-partner-company-role-3276127610,postgresql,description_text,Postgres|PostgreSQL,1
himalayas::https://himalayas.app/companies/fyst/jobs/lead-data-engineer-partner-company-role-3276127610,aws,description_text,AWS,1
himalayas::https://himalayas.app/companies/fyst/jobs/lead-data-engineer-partner-company-role-3276127610,data_quality,description_text,data quality,1
himalayas::https://himalayas.app/companies/myoperator/jobs/data-analyst-manager,sql,description_text,SQL,1
himalayas::https://himalayas.app/companies/myoperator/jobs/data-analyst-manager,python,description_text,Python,1
himalayas::https://himalayas.app/companies/myoperator/jobs/data-analyst-manager,excel,description_text,Excel,1
himalayas::https://himalayas.app/companies/myoperator/jobs/data-analyst-manager,power_bi,description_text,Power BI,1
himalayas::https://himalayas.app/companies/myoperator/jobs/data-analyst-manager,tableau,description_text,Tableau,1
himalayas::https://himalayas.app/companies/myoperator/jobs/data-analyst-manager,dashboarding,description_text,dashboards,1
himalayas::https://himalayas.app/companies/myoperator/jobs/data-analyst-manager,statistics,description_text,statistics,1
himalayas::https://himalayas.app/companies/curotec/jobs/senior-data-engineer,python,description_text,Python,1
himalayas::https://himalayas.app/companies/curotec/jobs/senior-data-engineer,microsoft_fabric,description_text,Fabric|Microsoft Fabric,1
himalayas::https://himalayas.app/companies/curotec/jobs/senior-data-engineer,etl_elt,tags,ETL,1
himalayas::https://himalayas.app/companies/curotec/jobs/senior-data-engineer,spark,description_text,PySpark,1
himalayas::https://himalayas.app/companies/curotec/jobs/senior-data-engineer,data_modeling,description_text,data modeling,1
himalayas::https://himalayas.app/companies/curotec/jobs/senior-data-engineer,data_warehousing,description_text,data warehouse|data warehousing,1
himalayas::https://himalayas.app/companies/curotec/jobs/senior-data-engineer,apis,description_text,API|APIs,1
himalayas::https://himalayas.app/companies/curotec/jobs/senior-data-engineer,azure,description_text,Azure,1
himalayas::https://himalayas.app/companies/mutt-data/jobs/data-engineer-senior-dl,python,description_text,Python,1
himalayas::https://himalayas.app/companies/mutt-data/jobs/data-engineer-senior-dl,tableau,description_text,Tableau,1
himalayas::https://himalayas.app/companies/mutt-data/jobs/data-engineer-senior-dl,looker,description_text,Looker,1
himalayas::https://himalayas.app/companies/mutt-data/jobs/data-engineer-senior-dl,data_visualization,description_text,visualization,1
himalayas::https://himalayas.app/companies/mutt-data/jobs/data-engineer-senior-dl,dbt,description_text,dbt,1
himalayas::https://himalayas.app/companies/mutt-data/jobs/data-engineer-senior-dl,spark,description_text,Spark,1
himalayas::https://himalayas.app/companies/mutt-data/jobs/data-engineer-senior-dl,databricks,description_text,Databricks,1
himalayas::https://himalayas.app/companies/mutt-data/jobs/data-engineer-senior-dl,data_modeling,description_text,data modeling,1
himalayas::https://himalayas.app/companies/mutt-data/jobs/data-engineer-senior-dl,aws,description_text,Amazon Web Services|AWS,1
himalayas::https://himalayas.app/companies/mutt-data/jobs/data-engineer-senior-dl,azure,description_text,Azure,1
himalayas::https://himalayas.app/companies/mutt-data/jobs/data-engineer-senior-dl,google_cloud,description_text,Google Cloud,1
himalayas::https://himalayas.app/companies/mutt-data/jobs/data-engineer-senior-dl,forecasting,description_text,forecasting,1
himalayas::https://himalayas.app/companies/mutt-data/jobs/data-engineer-senior-dl,machine_learning,description_text,machine learning,1
himalayas::https://himalayas.app/companies/koantek/jobs/data-engineer-multiple-positions,sql,description_text,SQL,1
himalayas::https://himalayas.app/companies/koantek/jobs/data-engineer-multiple-positions,python,description_text,Python,1
himalayas::https://himalayas.app/companies/koantek/jobs/data-engineer-multiple-positions,etl_elt,tags,ETL,1
himalayas::https://himalayas.app/companies/koantek/jobs/data-engineer-multiple-positions,spark,description_text,Apache Spark|PySpark|Spark,1
himalayas::https://himalayas.app/companies/koantek/jobs/data-engineer-multiple-positions,databricks,description_text,Databricks,1
himalayas::https://himalayas.app/companies/koantek/jobs/data-engineer-multiple-positions,data_modeling,description_text,data modeling,1
himalayas::https://himalayas.app/companies/koantek/jobs/data-engineer-multiple-positions,ci_cd,description_text,CI/CD,1
himalayas::https://himalayas.app/companies/koantek/jobs/data-engineer-multiple-positions,aws,description_text,AWS,1
himalayas::https://himalayas.app/companies/koantek/jobs/data-engineer-multiple-positions,azure,description_text,Azure,1
himalayas::https://himalayas.app/companies/koantek/jobs/data-engineer-multiple-positions,google_cloud,description_text,GCP|Google Cloud,1
himalayas::https://himalayas.app/companies/koantek/jobs/data-engineer-multiple-positions,machine_learning,description_text,machine learning,1
himalayas::https://himalayas.app/companies/iheartmedia/jobs/analytics-engineer,sql,description_text,SQL,1
himalayas::https://himalayas.app/companies/iheartmedia/jobs/analytics-engineer,python,description_text,Python,1
himalayas::https://himalayas.app/companies/iheartmedia/jobs/analytics-engineer,tableau,description_text,Tableau,1
himalayas::https://himalayas.app/companies/iheartmedia/jobs/analytics-engineer,etl_elt,description_text|tags,ETL,2
himalayas::https://himalayas.app/companies/iheartmedia/jobs/analytics-engineer,airflow,description_text,Airflow,1
himalayas::https://himalayas.app/companies/iheartmedia/jobs/analytics-engineer,spark,description_text,Spark,1
himalayas::https://himalayas.app/companies/iheartmedia/jobs/analytics-engineer,apis,description_text,APIs,1
himalayas::https://himalayas.app/companies/iheartmedia/jobs/analytics-engineer,docker,description_text,Docker,1
himalayas::https://himalayas.app/companies/iheartmedia/jobs/analytics-engineer,redshift,description_text,Redshift,1
himalayas::https://himalayas.app/companies/iheartmedia/jobs/analytics-engineer,postgresql,description_text,Postgres,1
himalayas::https://himalayas.app/companies/iheartmedia/jobs/analytics-engineer,aws,description_text,AWS,1
himalayas::https://himalayas.app/companies/iheartmedia/jobs/analytics-engineer,statistics,description_text,statistics,1
himalayas::https://himalayas.app/companies/iheartmedia/jobs/analytics-engineer,machine_learning,description_text,machine learning,1
himalayas::https://himalayas.app/companies/iheartmedia/jobs/analytics-engineer,git,description_text,Git,1
himalayas::https://himalayas.app/companies/taskus/jobs/business-insights-analyst-3458111288,sql,description_text,SQL,1
himalayas::https://himalayas.app/companies/taskus/jobs/business-insights-analyst-3458111288,python,description_text,Python,1
himalayas::https://himalayas.app/companies/taskus/jobs/business-insights-analyst-3458111288,power_bi,description_text,Power BI,1
himalayas::https://himalayas.app/companies/taskus/jobs/business-insights-analyst-3458111288,statistics,description_text,statistics,1
himalayas::https://himalayas.app/companies/taskus/jobs/business-insights-analyst-3458111288,communication,description_text,communication skills|verbal communication|written communication,1
himalayas::https://himalayas.app/companies/newbridge/jobs/head-of-data-engineering,sql,description_text,SQL,1
himalayas::https://himalayas.app/companies/newbridge/jobs/head-of-data-engineering,python,description_text,Python,1
himalayas::https://himalayas.app/companies/newbridge/jobs/head-of-data-engineering,spark,description_text,Apache Spark|Spark,1
himalayas::https://himalayas.app/companies/newbridge/jobs/head-of-data-engineering,data_modeling,description_text,data modeling|dimensional modeling,1
himalayas::https://himalayas.app/companies/newbridge/jobs/head-of-data-engineering,data_warehousing,description_text,data warehousing|lakehouse,1
himalayas::https://himalayas.app/companies/newbridge/jobs/head-of-data-engineering,data_governance,description_text,data governance,1
himalayas::https://himalayas.app/companies/newbridge/jobs/head-of-data-engineering,data_quality,description_text,data quality,1
himalayas::https://himalayas.app/companies/porch-group/jobs/insurance-data-analyst,sql,description_text,SQL,1
himalayas::https://himalayas.app/companies/porch-group/jobs/insurance-data-analyst,python,description_text,Python,1
himalayas::https://himalayas.app/companies/porch-group/jobs/insurance-data-analyst,excel,description_text,Excel,1
himalayas::https://himalayas.app/companies/porch-group/jobs/insurance-data-analyst,power_bi,description_text,Power BI,1
himalayas::https://himalayas.app/companies/porch-group/jobs/insurance-data-analyst,dashboarding,description_text,dashboards,1
himalayas::https://himalayas.app/companies/porch-group/jobs/insurance-data-analyst,bigquery,description_text,BigQuery,1
himalayas::https://himalayas.app/companies/porch-group/jobs/insurance-data-analyst,sql_server,description_text,SQL Server,1
himalayas::https://himalayas.app/companies/goat-group/jobs/senior-data-engineer,sql,description_text,SQL,1
himalayas::https://himalayas.app/companies/goat-group/jobs/senior-data-engineer,python,description_text,Python,1
himalayas::https://himalayas.app/companies/goat-group/jobs/senior-data-engineer,looker,description_text,Looker,1
himalayas::https://himalayas.app/companies/goat-group/jobs/senior-data-engineer,dbt,description_text,dbt,1
himalayas::https://himalayas.app/companies/goat-group/jobs/senior-data-engineer,etl_elt,description_text,ETL,1
himalayas::https://himalayas.app/companies/goat-group/jobs/senior-data-engineer,airflow,description_text,Airflow,1
himalayas::https://himalayas.app/companies/goat-group/jobs/senior-data-engineer,apis,description_text,APIs,1
himalayas::https://himalayas.app/companies/goat-group/jobs/senior-data-engineer,snowflake,description_text,Snowflake,1
himalayas::https://himalayas.app/companies/goat-group/jobs/senior-data-engineer,aws,description_text,AWS,1
himalayas::https://himalayas.app/companies/goat-group/jobs/senior-data-engineer,data_governance,description_text,data governance,1
himalayas::https://himalayas.app/companies/goat-group/jobs/senior-data-engineer,data_quality,description_text,data quality,1
himalayas::https://himalayas.app/companies/goat-group/jobs/senior-data-engineer,git,description_text,Git,1
himalayas::https://himalayas.app/companies/madiff/jobs/senior-data-engineer,sql,description_text,SQL,1
himalayas::https://himalayas.app/companies/madiff/jobs/senior-data-engineer,python,description_text,Python,1
himalayas::https://himalayas.app/companies/madiff/jobs/senior-data-engineer,pandas,description_text,pandas,1
himalayas::https://himalayas.app/companies/madiff/jobs/senior-data-engineer,numpy,description_text,NumPy,1
himalayas::https://himalayas.app/companies/madiff/jobs/senior-data-engineer,etl_elt,description_text,ETL,1
himalayas::https://himalayas.app/companies/madiff/jobs/senior-data-engineer,spark,description_text,PySpark|Spark,1
himalayas::https://himalayas.app/companies/madiff/jobs/senior-data-engineer,databricks,description_text,Databricks,1
himalayas::https://himalayas.app/companies/madiff/jobs/senior-data-engineer,docker,description_text,Docker,1
himalayas::https://himalayas.app/companies/madiff/jobs/senior-data-engineer,kubernetes,description_text,Kubernetes,1
himalayas::https://himalayas.app/companies/madiff/jobs/senior-data-engineer,azure,description_text,Azure,1
himalayas::https://himalayas.app/companies/madiff/jobs/senior-data-engineer,data_quality,description_text,data quality,1
himalayas::https://himalayas.app/companies/madiff/jobs/senior-data-engineer,git,description_text,Git,1
himalayas::https://himalayas.app/companies/marktine-technology-solutions-pvt-ltd/jobs/process-developer-data-analyst,dashboarding,description_text,dashboard|dashboards,1
himalayas::https://himalayas.app/companies/marktine-technology-solutions-pvt-ltd/jobs/process-developer-data-analyst,data_visualization,description_text,visualization,1
himalayas::https://himalayas.app/companies/marktine-technology-solutions-pvt-ltd/jobs/process-developer-data-analyst,data_quality,description_text,data quality,1
himalayas::https://himalayas.app/companies/marktine-technology-solutions-pvt-ltd/jobs/process-developer-data-analyst,problem_solving,description_text,problem solving,1
himalayas::https://himalayas.app/companies/ci-t/jobs/job-29782-senior-data-analyst-colombia,data_visualization,description_text,data visualization|visualization,1
himalayas::https://himalayas.app/companies/ci-t/jobs/job-29782-senior-data-analyst-colombia,aws,description_text,AWS,1
himalayas::https://himalayas.app/companies/ci-t/jobs/job-29782-senior-data-analyst-colombia,azure,description_text,Azure|Microsoft Azure,1
himalayas::https://himalayas.app/companies/ci-t/jobs/job-29782-senior-data-analyst-colombia,google_cloud,description_text,GCP|Google Cloud|Google Cloud Platform,1
himalayas::https://himalayas.app/companies/ci-t/jobs/job-29782-senior-data-analyst-colombia,jira,description_text,Jira,1
himalayas::https://himalayas.app/companies/ci-t/jobs/job-29782-senior-data-analyst-colombia,stakeholder_management,description_text,stakeholder management,1
himalayas::https://himalayas.app/companies/vericast/jobs/senior-data-analyst-marketing-analytics-digital-insights,sql,description_text,SQL,1
himalayas::https://himalayas.app/companies/vericast/jobs/senior-data-analyst-marketing-analytics-digital-insights,python,description_text,Python,1
himalayas::https://himalayas.app/companies/vericast/jobs/senior-data-analyst-marketing-analytics-digital-insights,power_bi,description_text,Power BI,1
himalayas::https://himalayas.app/companies/vericast/jobs/senior-data-analyst-marketing-analytics-digital-insights,tableau,description_text,Tableau,1
himalayas::https://himalayas.app/companies/vericast/jobs/senior-data-analyst-marketing-analytics-digital-insights,looker,description_text,Looker,1
himalayas::https://himalayas.app/companies/vericast/jobs/senior-data-analyst-marketing-analytics-digital-insights,dashboarding,description_text,dashboards,1
himalayas::https://himalayas.app/companies/vericast/jobs/senior-data-analyst-marketing-analytics-digital-insights,data_visualization,description_text,data visualization|visualization,1
himalayas::https://himalayas.app/companies/vericast/jobs/senior-data-analyst-marketing-analytics-digital-insights,spark,description_text,Spark,1
himalayas::https://himalayas.app/companies/vericast/jobs/senior-data-analyst-marketing-analytics-digital-insights,snowflake,description_text,Snowflake,1
himalayas::https://himalayas.app/companies/vericast/jobs/senior-data-analyst-marketing-analytics-digital-insights,aws,description_text,AWS,1
himalayas::https://himalayas.app/companies/vericast/jobs/senior-data-analyst-marketing-analytics-digital-insights,azure,description_text,Azure,1
himalayas::https://himalayas.app/companies/vericast/jobs/senior-data-analyst-marketing-analytics-digital-insights,google_cloud,description_text,Google Cloud,1
himalayas::https://himalayas.app/companies/vericast/jobs/senior-data-analyst-marketing-analytics-digital-insights,statistics,description_text,statistical analysis,1
himalayas::https://himalayas.app/companies/vericast/jobs/senior-data-analyst-marketing-analytics-digital-insights,ab_testing,description_text,A/B testing,1
himalayas::https://himalayas.app/companies/vericast/jobs/senior-data-analyst-marketing-analytics-digital-insights,business_acumen,description_text,business acumen,1
himalayas::https://himalayas.app/companies/city-science/jobs/data-and-analytics-engineer-ftc-phd-level-immediate-start,python,description_text|tags,Python,2
himalayas::https://himalayas.app/companies/city-science/jobs/data-and-analytics-engineer-ftc-phd-level-immediate-start,communication,description_text,communication skills,1
himalayas::https://himalayas.app/companies/city-science/jobs/data-and-analytics-engineer-ftc-phd-level-immediate-start,problem_solving,description_text,problem-solving,1
himalayas::https://himalayas.app/companies/toasttab/jobs/staff-analytics-engineer,sql,description_text,SQL,1
himalayas::https://himalayas.app/companies/toasttab/jobs/staff-analytics-engineer,python,description_text,Python,1
himalayas::https://himalayas.app/companies/toasttab/jobs/staff-analytics-engineer,dashboarding,description_text,dashboard,1
himalayas::https://himalayas.app/companies/toasttab/jobs/staff-analytics-engineer,dbt,description_text,dbt,1
himalayas::https://himalayas.app/companies/toasttab/jobs/staff-analytics-engineer,airflow,description_text,Airflow,1
himalayas::https://himalayas.app/companies/toasttab/jobs/staff-analytics-engineer,data_modeling,description_text,data modeling,1
himalayas::https://himalayas.app/companies/toasttab/jobs/staff-analytics-engineer,data_warehousing,description_text,data warehouse|data warehouses,1
himalayas::https://himalayas.app/companies/toasttab/jobs/staff-analytics-engineer,snowflake,description_text,Snowflake,1
himalayas::https://himalayas.app/companies/rtx/jobs/analytics-engineer,sql,description_text,SQL,1
himalayas::https://himalayas.app/companies/rtx/jobs/analytics-engineer,python,description_text,Python,1
himalayas::https://himalayas.app/companies/rtx/jobs/analytics-engineer,excel,description_text,Excel,1
himalayas::https://himalayas.app/companies/rtx/jobs/analytics-engineer,power_bi,description_text,Power BI,1
himalayas::https://himalayas.app/companies/rtx/jobs/analytics-engineer,tableau,description_text,Tableau,1
himalayas::https://himalayas.app/companies/rtx/jobs/analytics-engineer,data_visualization,description_text,visualization,1
himalayas::https://himalayas.app/companies/rtx/jobs/analytics-engineer,pandas,description_text,pandas,1
himalayas::https://himalayas.app/companies/rtx/jobs/analytics-engineer,etl_elt,description_text,ELT|ETL,1
himalayas::https://himalayas.app/companies/rtx/jobs/analytics-engineer,databricks,description_text,Databricks,1
himalayas::https://himalayas.app/companies/rtx/jobs/analytics-engineer,data_modeling,description_text,data modeling,1
himalayas::https://himalayas.app/companies/rtx/jobs/analytics-engineer,apis,description_text,API,1
himalayas::https://himalayas.app/companies/rtx/jobs/analytics-engineer,ci_cd,description_text,CI/CD,1
himalayas::https://himalayas.app/companies/rtx/jobs/analytics-engineer,matillion,description_text,Matillion,1
himalayas::https://himalayas.app/companies/rtx/jobs/analytics-engineer,snowflake,description_text,Snowflake,1
himalayas::https://himalayas.app/companies/rtx/jobs/analytics-engineer,statistics,description_text,statistical analysis,1
himalayas::https://himalayas.app/companies/rtx/jobs/analytics-engineer,git,description_text,Git|GitHub,1
himalayas::https://himalayas.app/companies/jaja-finance/jobs/analytics-engineer,sql,description_text,SQL,1
himalayas::https://himalayas.app/companies/jaja-finance/jobs/analytics-engineer,dbt,description_text,dbt,1
himalayas::https://himalayas.app/companies/jaja-finance/jobs/analytics-engineer,data_modeling,description_text,data modelling,1
himalayas::https://himalayas.app/companies/jaja-finance/jobs/analytics-engineer,snowflake,description_text,Snowflake,1
himalayas::https://himalayas.app/companies/jaja-finance/jobs/analytics-engineer,data_governance,description_text,data governance,1
himalayas::https://himalayas.app/companies/jaja-finance/jobs/analytics-engineer,data_quality,description_text,data quality,1
himalayas::https://himalayas.app/companies/jaja-finance/jobs/analytics-engineer,stakeholder_management,description_text,stakeholder management,1
himalayas::https://himalayas.app/companies/jaja-finance/jobs/analytics-engineer,problem_solving,description_text,problem solving,1
himalayas::https://himalayas.app/companies/wellhub/jobs/senior-marketing-analytics-engineer,sql,description_text,SQL,1
himalayas::https://himalayas.app/companies/wellhub/jobs/senior-marketing-analytics-engineer,python,description_text,Python,1
himalayas::https://himalayas.app/companies/wellhub/jobs/senior-marketing-analytics-engineer,power_bi,description_text,PowerBI,1
himalayas::https://himalayas.app/companies/wellhub/jobs/senior-marketing-analytics-engineer,tableau,description_text,Tableau,1
himalayas::https://himalayas.app/companies/wellhub/jobs/senior-marketing-analytics-engineer,looker,description_text,Looker,1
himalayas::https://himalayas.app/companies/wellhub/jobs/senior-marketing-analytics-engineer,dbt,description_text,dbt,1
himalayas::https://himalayas.app/companies/wellhub/jobs/senior-marketing-analytics-engineer,etl_elt,description_text,ELT|ETL,1
himalayas::https://himalayas.app/companies/wellhub/jobs/senior-marketing-analytics-engineer,airflow,description_text,Airflow,1
himalayas::https://himalayas.app/companies/wellhub/jobs/senior-marketing-analytics-engineer,data_modeling,description_text,data modeling|dimensional modeling,1
himalayas::https://himalayas.app/companies/wellhub/jobs/senior-marketing-analytics-engineer,data_warehousing,description_text,data warehousing,1
himalayas::https://himalayas.app/companies/wellhub/jobs/senior-marketing-analytics-engineer,data_governance,description_text,data governance,1
himalayas::https://himalayas.app/companies/wellhub/jobs/senior-marketing-analytics-engineer,data_quality,description_text,data quality|quality assurance,1
himalayas::https://himalayas.app/companies/wellhub/jobs/senior-marketing-analytics-engineer,git,description_text,GitHub,1
himalayas::https://himalayas.app/companies/tebra/jobs/director-analytics-engineering,sql,description_text,SQL,1
himalayas::https://himalayas.app/companies/tebra/jobs/director-analytics-engineering,tableau,description_text,Tableau,1
himalayas::https://himalayas.app/companies/tebra/jobs/director-analytics-engineering,dashboarding,description_text,dashboards,1
himalayas::https://himalayas.app/companies/tebra/jobs/director-analytics-engineering,dbt,description_text,dbt,1
himalayas::https://himalayas.app/companies/tebra/jobs/director-analytics-engineering,data_modeling,description_text,data modeling,1
himalayas::https://himalayas.app/companies/tebra/jobs/director-analytics-engineering,ci_cd,description_text,CI/CD,1
himalayas::https://himalayas.app/companies/tebra/jobs/director-analytics-engineering,snowflake,description_text,Snowflake,1
himalayas::https://himalayas.app/companies/tebra/jobs/director-analytics-engineering,data_governance,description_text,data governance,1
himalayas::https://himalayas.app/companies/tebra/jobs/director-analytics-engineering,data_quality,description_text,data quality,1
himalayas::https://himalayas.app/companies/tebra/jobs/director-analytics-engineering,stakeholder_management,description_text,stakeholder engagement,1
himalayas::https://himalayas.app/companies/tebra/jobs/director-analytics-engineering,communication,description_text,communication skills,1
himalayas::https://himalayas.app/companies/pantheon/jobs/senior-analytics-engineer,sql,description_text,SQL,1
himalayas::https://himalayas.app/companies/pantheon/jobs/senior-analytics-engineer,looker,description_text,Looker,1
himalayas::https://himalayas.app/companies/pantheon/jobs/senior-analytics-engineer,dashboarding,description_text,dashboard,1
himalayas::https://himalayas.app/companies/pantheon/jobs/senior-analytics-engineer,dbt,description_text,dbt,1
himalayas::https://himalayas.app/companies/pantheon/jobs/senior-analytics-engineer,etl_elt,description_text,ETL,1
himalayas::https://himalayas.app/companies/pantheon/jobs/senior-analytics-engineer,airflow,description_text,Airflow,1
himalayas::https://himalayas.app/companies/pantheon/jobs/senior-analytics-engineer,data_modeling,description_text,star schema,1
himalayas::https://himalayas.app/companies/pantheon/jobs/senior-analytics-engineer,data_warehousing,description_text,data warehouse,1
himalayas::https://himalayas.app/companies/pantheon/jobs/senior-analytics-engineer,ci_cd,description_text,CI/CD,1
himalayas::https://himalayas.app/companies/pantheon/jobs/senior-analytics-engineer,snowflake,description_text,Snowflake,1
himalayas::https://himalayas.app/companies/pantheon/jobs/senior-analytics-engineer,git,description_text,Git|GitHub,1
himalayas::https://himalayas.app/companies/pantheon/jobs/senior-analytics-engineer,stakeholder_management,description_text,stakeholder communication,1
himalayas::https://himalayas.app/companies/pantheon/jobs/senior-analytics-engineer,business_acumen,description_text,business acumen,1
himalayas::https://himalayas.app/companies/packback/jobs/analytics-engineering,sql,description_text,SQL,1
himalayas::https://himalayas.app/companies/packback/jobs/analytics-engineering,python,description_text,Python,1
himalayas::https://himalayas.app/companies/packback/jobs/analytics-engineering,power_bi,description_text,PowerBI,1
himalayas::https://himalayas.app/companies/packback/jobs/analytics-engineering,tableau,description_text,Tableau,1
himalayas::https://himalayas.app/companies/packback/jobs/analytics-engineering,looker,description_text,Looker,1
himalayas::https://himalayas.app/companies/packback/jobs/analytics-engineering,dashboarding,description_text,dashboards,1
himalayas::https://himalayas.app/companies/packback/jobs/analytics-engineering,data_visualization,description_text,visualization,1
himalayas::https://himalayas.app/companies/packback/jobs/analytics-engineering,dbt,description_text,dbt,1
himalayas::https://himalayas.app/companies/packback/jobs/analytics-engineering,airflow,description_text,Airflow,1
himalayas::https://himalayas.app/companies/packback/jobs/analytics-engineering,data_modeling,description_text,data modeling,1
himalayas::https://himalayas.app/companies/packback/jobs/analytics-engineering,data_warehousing,description_text,data warehouses,1
himalayas::https://himalayas.app/companies/packback/jobs/analytics-engineering,ci_cd,description_text,CI/CD,1
himalayas::https://himalayas.app/companies/packback/jobs/analytics-engineering,snowflake,description_text,Snowflake,1
himalayas::https://himalayas.app/companies/packback/jobs/analytics-engineering,bigquery,description_text,BigQuery,1
himalayas::https://himalayas.app/companies/packback/jobs/analytics-engineering,redshift,description_text,Redshift,1
himalayas::https://himalayas.app/companies/packback/jobs/analytics-engineering,statistics,description_text,statistical analysis,1
himalayas::https://himalayas.app/companies/packback/jobs/analytics-engineering,business_acumen,description_text,business acumen,1
himalayas::https://himalayas.app/companies/axios/jobs/analytics-engineer,sql,description_text,SQL,1
himalayas::https://himalayas.app/companies/axios/jobs/analytics-engineer,power_bi,description_text,Power BI,1
himalayas::https://himalayas.app/companies/axios/jobs/analytics-engineer,tableau,description_text,Tableau,1
himalayas::https://himalayas.app/companies/axios/jobs/analytics-engineer,looker,description_text,Looker,1
himalayas::https://himalayas.app/companies/axios/jobs/analytics-engineer,dashboarding,description_text,dashboards,1
himalayas::https://himalayas.app/companies/axios/jobs/analytics-engineer,data_visualization,description_text,data visualization|visualization,1
himalayas::https://himalayas.app/companies/axios/jobs/analytics-engineer,dbt,description_text,dbt,1
himalayas::https://himalayas.app/companies/axios/jobs/analytics-engineer,ci_cd,description_text,CI/CD,1
himalayas::https://himalayas.app/companies/axios/jobs/analytics-engineer,snowflake,description_text,Snowflake,1
himalayas::https://himalayas.app/companies/axios/jobs/analytics-engineer,bigquery,description_text,BigQuery,1
himalayas::https://himalayas.app/companies/axios/jobs/analytics-engineer,redshift,description_text,Redshift,1
himalayas::https://himalayas.app/companies/axios/jobs/analytics-engineer,data_governance,description_text,data governance,1
himalayas::https://himalayas.app/companies/axios/jobs/analytics-engineer,data_quality,description_text,data quality|quality assurance,1
himalayas::https://himalayas.app/companies/tractian/jobs/analytics-engineer,sql,description_text,SQL,1
himalayas::https://himalayas.app/companies/tractian/jobs/analytics-engineer,python,description_text,Python,1
himalayas::https://himalayas.app/companies/tractian/jobs/analytics-engineer,power_bi,description_text,PowerBI,1
himalayas::https://himalayas.app/companies/tractian/jobs/analytics-engineer,tableau,description_text,Tableau,1
himalayas::https://himalayas.app/companies/tractian/jobs/analytics-engineer,looker,description_text,Looker,1
himalayas::https://himalayas.app/companies/tractian/jobs/analytics-engineer,dashboarding,description_text,dashboards,1
himalayas::https://himalayas.app/companies/tractian/jobs/analytics-engineer,dbt,description_text,dbt,1
himalayas::https://himalayas.app/companies/tractian/jobs/analytics-engineer,etl_elt,description_text,ETL,1
himalayas::https://himalayas.app/companies/tractian/jobs/analytics-engineer,airflow,description_text,Airflow,1
himalayas::https://himalayas.app/companies/tractian/jobs/analytics-engineer,data_modeling,description_text,data modeling,1
himalayas::https://himalayas.app/companies/tractian/jobs/analytics-engineer,data_warehousing,description_text,data warehouses|data warehousing,1
himalayas::https://himalayas.app/companies/tractian/jobs/analytics-engineer,redshift,description_text,Redshift,1
himalayas::https://himalayas.app/companies/tractian/jobs/analytics-engineer,postgresql,description_text,PostgreSQL,1
himalayas::https://himalayas.app/companies/tractian/jobs/analytics-engineer,aws,description_text,AWS,1
himalayas::https://himalayas.app/companies/tractian/jobs/analytics-engineer,data_quality,description_text,data quality|data validation,1
himalayas::https://himalayas.app/companies/tractian/jobs/analytics-engineer,communication,description_text,communication skills,1
himalayas::https://himalayas.app/companies/otis-elevator-co/jobs/business-analytics-engineer-9168098679,sql,description_text,SQL,1
himalayas::https://himalayas.app/companies/otis-elevator-co/jobs/business-analytics-engineer-9168098679,power_bi,description_text,PowerBI,1
himalayas::https://himalayas.app/companies/otis-elevator-co/jobs/business-analytics-engineer-9168098679,dashboarding,description_text,dashboards,1
himalayas::https://himalayas.app/companies/otis-elevator-co/jobs/business-analytics-engineer-9168098679,data_modeling,description_text,data modeling,1
himalayas::https://himalayas.app/companies/otis-elevator-co/jobs/business-analytics-engineer-9168098679,snowflake,description_text,Snowflake,1
himalayas::https://himalayas.app/companies/merit-america/jobs/analytics-engineer,sql,description_text,SQL,1
himalayas::https://himalayas.app/companies/merit-america/jobs/analytics-engineer,python,description_text,Python,1
himalayas::https://himalayas.app/companies/merit-america/jobs/analytics-engineer,looker,description_text,Looker,1
himalayas::https://himalayas.app/companies/merit-america/jobs/analytics-engineer,dbt,description_text,dbt,1
himalayas::https://himalayas.app/companies/merit-america/jobs/analytics-engineer,data_modeling,description_text,data modeling,1
himalayas::https://himalayas.app/companies/merit-america/jobs/analytics-engineer,data_warehousing,description_text,data warehouse,1
himalayas::https://himalayas.app/companies/merit-america/jobs/analytics-engineer,ci_cd,description_text,CI/CD,1
himalayas::https://himalayas.app/companies/merit-america/jobs/analytics-engineer,terraform,description_text,Terraform,1
himalayas::https://himalayas.app/companies/merit-america/jobs/analytics-engineer,bigquery,description_text,BigQuery,1
himalayas::https://himalayas.app/companies/merit-america/jobs/analytics-engineer,data_quality,description_text,data quality,1
himalayas::https://himalayas.app/companies/ci-t/jobs/job-30340-senior-data-developer-analytics-engineer-brazil,sql,description_text,SQL,1
himalayas::https://himalayas.app/companies/ci-t/jobs/job-30340-senior-data-developer-analytics-engineer-brazil,python,description_text,Python,1
himalayas::https://himalayas.app/companies/ci-t/jobs/job-30340-senior-data-developer-analytics-engineer-brazil,dashboarding,description_text,dashboards,1
himalayas::https://himalayas.app/companies/ci-t/jobs/job-30340-senior-data-developer-analytics-engineer-brazil,dbt,description_text,data build tool|dbt,1
himalayas::https://himalayas.app/companies/ci-t/jobs/job-30340-senior-data-developer-analytics-engineer-brazil,airflow,description_text,Airflow,1
himalayas::https://himalayas.app/companies/ci-t/jobs/job-30340-senior-data-developer-analytics-engineer-brazil,data_modeling,description_text,data modeling,1
himalayas::https://himalayas.app/companies/ci-t/jobs/job-30340-senior-data-developer-analytics-engineer-brazil,data_warehousing,description_text,data warehouse,1
himalayas::https://himalayas.app/companies/ci-t/jobs/job-30340-senior-data-developer-analytics-engineer-brazil,ci_cd,description_text,CI/CD,1
himalayas::https://himalayas.app/companies/ci-t/jobs/job-30340-senior-data-developer-analytics-engineer-brazil,bigquery,description_text,BigQuery,1
himalayas::https://himalayas.app/companies/ci-t/jobs/job-30340-senior-data-developer-analytics-engineer-brazil,machine_learning,description_text,machine learning,1
himalayas::https://himalayas.app/companies/ci-t/jobs/job-30340-senior-data-developer-analytics-engineer-brazil,data_quality,description_text,data quality|quality assurance,1
himalayas::https://himalayas.app/companies/ci-t/jobs/job-30340-senior-data-developer-analytics-engineer-brazil,stakeholder_management,description_text,stakeholder communication,1
himalayas::https://himalayas.app/companies/ci-t/jobs/job-30340-senior-data-developer-analytics-engineer-brazil,problem_solving,description_text,problem solving,1
himalayas::https://himalayas.app/companies/ci-t/jobs/job-30340-senior-data-developer-analytics-engineer-colombia,sql,description_text,SQL,1
himalayas::https://himalayas.app/companies/ci-t/jobs/job-30340-senior-data-developer-analytics-engineer-colombia,python,description_text,Python,1
himalayas::https://himalayas.app/companies/ci-t/jobs/job-30340-senior-data-developer-analytics-engineer-colombia,dashboarding,description_text,dashboards,1
himalayas::https://himalayas.app/companies/ci-t/jobs/job-30340-senior-data-developer-analytics-engineer-colombia,dbt,description_text,data build tool|dbt,1
himalayas::https://himalayas.app/companies/ci-t/jobs/job-30340-senior-data-developer-analytics-engineer-colombia,airflow,description_text,Airflow,1
himalayas::https://himalayas.app/companies/ci-t/jobs/job-30340-senior-data-developer-analytics-engineer-colombia,data_modeling,description_text,data modeling,1
himalayas::https://himalayas.app/companies/ci-t/jobs/job-30340-senior-data-developer-analytics-engineer-colombia,data_warehousing,description_text,data warehouse,1
himalayas::https://himalayas.app/companies/ci-t/jobs/job-30340-senior-data-developer-analytics-engineer-colombia,ci_cd,description_text,CI/CD,1
himalayas::https://himalayas.app/companies/ci-t/jobs/job-30340-senior-data-developer-analytics-engineer-colombia,bigquery,description_text,BigQuery,1
himalayas::https://himalayas.app/companies/ci-t/jobs/job-30340-senior-data-developer-analytics-engineer-colombia,machine_learning,description_text,machine learning,1
himalayas::https://himalayas.app/companies/ci-t/jobs/job-30340-senior-data-developer-analytics-engineer-colombia,data_quality,description_text,data quality|quality assurance,1
himalayas::https://himalayas.app/companies/ci-t/jobs/job-30340-senior-data-developer-analytics-engineer-colombia,stakeholder_management,description_text,stakeholder communication,1
himalayas::https://himalayas.app/companies/ci-t/jobs/job-30340-senior-data-developer-analytics-engineer-colombia,problem_solving,description_text,problem solving,1
himalayas::https://himalayas.app/companies/dynatron-software/jobs/sr-analytics-engineer-remote-india,sql,description_text,SQL,1
himalayas::https://himalayas.app/companies/dynatron-software/jobs/sr-analytics-engineer-remote-india,python,description_text,Python,1
himalayas::https://himalayas.app/companies/dynatron-software/jobs/sr-analytics-engineer-remote-india,power_bi,description_text,Power BI,1
himalayas::https://himalayas.app/companies/dynatron-software/jobs/sr-analytics-engineer-remote-india,tableau,description_text,Tableau,1
himalayas::https://himalayas.app/companies/dynatron-software/jobs/sr-analytics-engineer-remote-india,looker,description_text,Looker,1
himalayas::https://himalayas.app/companies/dynatron-software/jobs/sr-analytics-engineer-remote-india,dashboarding,description_text,dashboard|dashboards,1
himalayas::https://himalayas.app/companies/dynatron-software/jobs/sr-analytics-engineer-remote-india,dbt,description_text,dbt,1
himalayas::https://himalayas.app/companies/dynatron-software/jobs/sr-analytics-engineer-remote-india,databricks,description_text,Databricks,1
himalayas::https://himalayas.app/companies/dynatron-software/jobs/sr-analytics-engineer-remote-india,data_modeling,description_text,data modeling|dimensional modeling,1
himalayas::https://himalayas.app/companies/dynatron-software/jobs/sr-analytics-engineer-remote-india,data_warehousing,description_text,data warehouses,1
himalayas::https://himalayas.app/companies/dynatron-software/jobs/sr-analytics-engineer-remote-india,snowflake,description_text,Snowflake,1
himalayas::https://himalayas.app/companies/dynatron-software/jobs/sr-analytics-engineer-remote-india,aws,description_text,AWS,1
himalayas::https://himalayas.app/companies/dynatron-software/jobs/sr-analytics-engineer-remote-india,machine_learning,description_text,machine learning,1
himalayas::https://himalayas.app/companies/dynatron-software/jobs/sr-analytics-engineer-remote-india,data_governance,description_text,data governance,1
himalayas::https://himalayas.app/companies/dynatron-software/jobs/sr-analytics-engineer-remote-india,data_quality,description_text,data quality|data validation,1
himalayas::https://himalayas.app/companies/motive/jobs/senior-analyst-strategic-analytics-7955189282,sql,description_text,SQL,1
himalayas::https://himalayas.app/companies/motive/jobs/senior-analyst-strategic-analytics-7955189282,python,description_text,Python,1
himalayas::https://himalayas.app/companies/motive/jobs/senior-analyst-strategic-analytics-7955189282,dashboarding,description_text,dashboards,1
himalayas::https://himalayas.app/companies/motive/jobs/senior-analyst-strategic-analytics-7955189282,dbt,description_text,dbt,1
himalayas::https://himalayas.app/companies/motive/jobs/senior-analyst-strategic-analytics-7955189282,airflow,description_text,Airflow,1
himalayas::https://himalayas.app/companies/motive/jobs/senior-analyst-strategic-analytics-7955189282,data_quality,description_text,data quality,1
himalayas::https://himalayas.app/companies/motive/jobs/senior-analyst-strategic-analytics-7955189282,communication,description_text,communication skills,1
himalayas::https://himalayas.app/companies/motive/jobs/senior-analyst-strategic-analytics-7955189282,problem_solving,description_text,problem-solving,1
himalayas::https://himalayas.app/companies/trumid/jobs/senior-data-engineer-analytics-platform,sql,description_text,SQL,1
himalayas::https://himalayas.app/companies/trumid/jobs/senior-data-engineer-analytics-platform,dashboarding,description_text,dashboards,1
himalayas::https://himalayas.app/companies/trumid/jobs/senior-data-engineer-analytics-platform,data_visualization,description_text,visualization,1
himalayas::https://himalayas.app/companies/trumid/jobs/senior-data-engineer-analytics-platform,dbt,description_text,dbt,1
himalayas::https://himalayas.app/companies/trumid/jobs/senior-data-engineer-analytics-platform,data_modeling,description_text,data modeling,1
himalayas::https://himalayas.app/companies/trumid/jobs/senior-data-engineer-analytics-platform,data_warehousing,description_text,data warehouse|data warehouses,1
himalayas::https://himalayas.app/companies/trumid/jobs/senior-data-engineer-analytics-platform,bigquery,description_text,BigQuery,1
himalayas::https://himalayas.app/companies/trumid/jobs/senior-data-engineer-analytics-platform,data_governance,description_text,data governance,1
himalayas::https://himalayas.app/companies/trumid/jobs/senior-data-engineer-analytics-platform,data_quality,description_text,data quality,1
himalayas::https://himalayas.app/companies/trumid/jobs/senior-data-engineer-analytics-platform,communication,description_text,communication skills,1
himalayas::https://himalayas.app/companies/fullscript/jobs/senior-analytics-engineer-analytics-enablement-2333611725,sql,description_text,SQL,1
himalayas::https://himalayas.app/companies/fullscript/jobs/senior-analytics-engineer-analytics-enablement-2333611725,python,description_text,Python,1
himalayas::https://himalayas.app/companies/fullscript/jobs/senior-analytics-engineer-analytics-enablement-2333611725,power_bi,description_text,Power BI,1
himalayas::https://himalayas.app/companies/fullscript/jobs/senior-analytics-engineer-analytics-enablement-2333611725,tableau,description_text,Tableau,1
himalayas::https://himalayas.app/companies/fullscript/jobs/senior-analytics-engineer-analytics-enablement-2333611725,looker,description_text,Looker,1
himalayas::https://himalayas.app/companies/fullscript/jobs/senior-analytics-engineer-analytics-enablement-2333611725,communication,description_text,communication skills,1
himalayas::https://himalayas.app/companies/airalo/jobs/analytics-engineering-manager,sql,description_text,SQL,1
himalayas::https://himalayas.app/companies/airalo/jobs/analytics-engineering-manager,python,description_text,Python,1
himalayas::https://himalayas.app/companies/airalo/jobs/analytics-engineering-manager,looker,description_text,Looker,1
himalayas::https://himalayas.app/companies/airalo/jobs/analytics-engineering-manager,dashboarding,description_text,dashboard|dashboards,1
himalayas::https://himalayas.app/companies/airalo/jobs/analytics-engineering-manager,dbt,description_text,dbt,1
himalayas::https://himalayas.app/companies/airalo/jobs/analytics-engineering-manager,data_modeling,description_text,data modeling|dimensional modeling,1
himalayas::https://himalayas.app/companies/airalo/jobs/analytics-engineering-manager,data_warehousing,description_text,data warehouse,1
himalayas::https://himalayas.app/companies/airalo/jobs/analytics-engineering-manager,bigquery,description_text,BigQuery,1
himalayas::https://himalayas.app/companies/airalo/jobs/analytics-engineering-manager,data_quality,description_text,data quality,1
himalayas::https://himalayas.app/companies/airalo/jobs/analytics-engineering-manager,business_acumen,description_text,business acumen,1
himalayas::https://himalayas.app/companies/wellhub/jobs/senior-ai-analytics-engineer,sql,description_text,SQL,1
himalayas::https://himalayas.app/companies/wellhub/jobs/senior-ai-analytics-engineer,python,description_text,Python,1
himalayas::https://himalayas.app/companies/wellhub/jobs/senior-ai-analytics-engineer,looker,description_text,Looker,1
himalayas::https://himalayas.app/companies/wellhub/jobs/senior-ai-analytics-engineer,dbt,description_text,dbt,1
himalayas::https://himalayas.app/companies/wellhub/jobs/senior-ai-analytics-engineer,data_modeling,description_text,data modeling,1
himalayas::https://himalayas.app/companies/wellhub/jobs/senior-ai-analytics-engineer,ci_cd,description_text,CI/CD,1
himalayas::https://himalayas.app/companies/wellhub/jobs/senior-ai-analytics-engineer,git,description_text,GitHub,1
himalayas::https://himalayas.app/companies/wellhub/jobs/senior-ai-analytics-engineer,communication,description_text,communication skills|verbal communication,1
himalayas::https://himalayas.app/companies/twilio/jobs/staff-analytics-engineer-860576308,sql,description_text,SQL,1
himalayas::https://himalayas.app/companies/twilio/jobs/staff-analytics-engineer-860576308,dashboarding,description_text,dashboards,1
himalayas::https://himalayas.app/companies/twilio/jobs/staff-analytics-engineer-860576308,dbt,description_text,dbt,1
himalayas::https://himalayas.app/companies/twilio/jobs/staff-analytics-engineer-860576308,data_modeling,description_text,data modeling,1
himalayas::https://himalayas.app/companies/twilio/jobs/staff-analytics-engineer-860576308,ci_cd,description_text,CI/CD,1
himalayas::https://himalayas.app/companies/twilio/jobs/staff-analytics-engineer-860576308,data_quality,description_text,data quality,1
himalayas::https://himalayas.app/companies/twilio/jobs/staff-analytics-engineer-860576308,communication,description_text,communicate findings,1
himalayas::https://himalayas.app/companies/jobsforlebanon/jobs/data-engineer,sql,description_text,SQL,1
himalayas::https://himalayas.app/companies/jobsforlebanon/jobs/data-engineer,python,description_text,Python,1
himalayas::https://himalayas.app/companies/jobsforlebanon/jobs/data-engineer,looker,description_text,Looker,1
himalayas::https://himalayas.app/companies/jobsforlebanon/jobs/data-engineer,etl_elt,description_text|tags,ETL,2
himalayas::https://himalayas.app/companies/jobsforlebanon/jobs/data-engineer,spark,description_text,Spark,1
himalayas::https://himalayas.app/companies/jobsforlebanon/jobs/data-engineer,databricks,description_text,Databricks,1
himalayas::https://himalayas.app/companies/jobsforlebanon/jobs/data-engineer,data_quality,description_text,data quality,1
himalayas::https://himalayas.app/companies/jobsforlebanon/jobs/data-engineer,communication,description_text,communication skills,1
himalayas::https://himalayas.app/companies/kard/jobs/senior-analytics-engineer,sql,description_text,SQL,1
himalayas::https://himalayas.app/companies/kard/jobs/senior-analytics-engineer,python,description_text,Python,1
himalayas::https://himalayas.app/companies/kard/jobs/senior-analytics-engineer,dashboarding,description_text,dashboards,1
himalayas::https://himalayas.app/companies/kard/jobs/senior-analytics-engineer,data_visualization,description_text,visualization,1
himalayas::https://himalayas.app/companies/kard/jobs/senior-analytics-engineer,dbt,description_text,dbt,1
himalayas::https://himalayas.app/companies/kard/jobs/senior-analytics-engineer,spark,description_text,PySpark,1
himalayas::https://himalayas.app/companies/kard/jobs/senior-analytics-engineer,databricks,description_text,Databricks,1
himalayas::https://himalayas.app/companies/kard/jobs/senior-analytics-engineer,apis,description_text,API,1
himalayas::https://himalayas.app/companies/kard/jobs/senior-analytics-engineer,data_quality,description_text,data quality,1
himalayas::https://himalayas.app/companies/kard/jobs/senior-analytics-engineer,communication,description_text,communication skills,1
himalayas::https://himalayas.app/companies/mammoth-growth/jobs/senior-analytics-engineer,sql,description_text,SQL,1
himalayas::https://himalayas.app/companies/mammoth-growth/jobs/senior-analytics-engineer,dbt,description_text,dbt,1
himalayas::https://himalayas.app/companies/mammoth-growth/jobs/senior-analytics-engineer,etl_elt,description_text,ELT,1
himalayas::https://himalayas.app/companies/mammoth-growth/jobs/senior-analytics-engineer,data_modeling,description_text,dimensional modeling,1
himalayas::https://himalayas.app/companies/mammoth-growth/jobs/senior-analytics-engineer,ci_cd,description_text,CI/CD,1
himalayas::https://himalayas.app/companies/mammoth-growth/jobs/senior-analytics-engineer,snowflake,description_text,Snowflake,1
himalayas::https://himalayas.app/companies/mammoth-growth/jobs/senior-analytics-engineer,aws,description_text,AWS,1
himalayas::https://himalayas.app/companies/mammoth-growth/jobs/senior-analytics-engineer,google_cloud,description_text,GCP,1
himalayas::https://himalayas.app/companies/mammoth-growth/jobs/senior-analytics-engineer,data_governance,description_text,data governance,1
himalayas::https://himalayas.app/companies/mammoth-growth/jobs/senior-analytics-engineer,data_quality,description_text,data quality,1
himalayas::https://himalayas.app/companies/mammoth-growth/jobs/senior-analytics-engineer,git,description_text,Git|GitHub,1
himalayas::https://himalayas.app/companies/mammoth-growth/jobs/senior-analytics-engineer,jira,description_text,Jira,1
himalayas::https://himalayas.app/companies/mammoth-growth/jobs/senior-analytics-engineer,communication,description_text,communication skills,1
himalayas::https://himalayas.app/companies/mammoth-growth/jobs/senior-analytics-engineer,problem_solving,description_text,problem-solving,1
himalayas::https://himalayas.app/companies/twinhealth/jobs/product-analytics-engineer,sql,description_text,SQL,1
himalayas::https://himalayas.app/companies/twinhealth/jobs/product-analytics-engineer,python,description_text,Python,1
himalayas::https://himalayas.app/companies/twinhealth/jobs/product-analytics-engineer,tableau,description_text,Tableau,1
himalayas::https://himalayas.app/companies/twinhealth/jobs/product-analytics-engineer,dashboarding,description_text,dashboards,1
himalayas::https://himalayas.app/companies/twinhealth/jobs/product-analytics-engineer,pandas,description_text,pandas,1
himalayas::https://himalayas.app/companies/twinhealth/jobs/product-analytics-engineer,numpy,description_text,NumPy,1
himalayas::https://himalayas.app/companies/twinhealth/jobs/product-analytics-engineer,dbt,description_text,data build tool|dbt,1
himalayas::https://himalayas.app/companies/twinhealth/jobs/product-analytics-engineer,airflow,description_text,Airflow,1
himalayas::https://himalayas.app/companies/twinhealth/jobs/product-analytics-engineer,data_modeling,description_text,data modeling,1
himalayas::https://himalayas.app/companies/twinhealth/jobs/product-analytics-engineer,data_warehousing,description_text,data warehouses,1
himalayas::https://himalayas.app/companies/twinhealth/jobs/product-analytics-engineer,snowflake,description_text,Snowflake,1
himalayas::https://himalayas.app/companies/twinhealth/jobs/product-analytics-engineer,data_quality,description_text,data validation,1
himalayas::https://himalayas.app/companies/twinhealth/jobs/product-analytics-engineer,communication,description_text,communicate findings|communication skills,1
himalayas::https://himalayas.app/companies/twinhealth/jobs/product-analytics-engineer,business_acumen,description_text,business acumen,1
himalayas::https://himalayas.app/companies/banco-bv/jobs/analytics-engineer-sr,sql,description_text,SQL,1
himalayas::https://himalayas.app/companies/banco-bv/jobs/analytics-engineer-sr,dbt,description_text,data build tool|dbt,1
himalayas::https://himalayas.app/companies/banco-bv/jobs/analytics-engineer-sr,etl_elt,description_text,ELT|ETL,1
himalayas::https://himalayas.app/companies/banco-bv/jobs/analytics-engineer-sr,spark,description_text,PySpark|Spark,1
himalayas::https://himalayas.app/companies/banco-bv/jobs/analytics-engineer-sr,databricks,description_text,Databricks,1
himalayas::https://himalayas.app/companies/banco-bv/jobs/analytics-engineer-sr,data_modeling,description_text,star schema,1
himalayas::https://himalayas.app/companies/banco-bv/jobs/analytics-engineer-sr,data_warehousing,description_text,lakehouse,1
himalayas::https://himalayas.app/companies/banco-bv/jobs/analytics-engineer-sr,ci_cd,description_text,CI/CD,1
himalayas::https://himalayas.app/companies/banco-bv/jobs/analytics-engineer-sr,snowflake,description_text,Snowflake,1
himalayas::https://himalayas.app/companies/banco-bv/jobs/analytics-engineer-sr,bigquery,description_text,BigQuery,1
himalayas::https://himalayas.app/companies/banco-bv/jobs/analytics-engineer-sr,google_cloud,description_text,GCP,1
himalayas::https://himalayas.app/companies/banco-bv/jobs/analytics-engineer-sr,git,description_text,Git,1
himalayas::https://himalayas.app/companies/care-access/jobs/enterprise-performance-analytics-engineer,sql,description_text,SQL,1
himalayas::https://himalayas.app/companies/care-access/jobs/enterprise-performance-analytics-engineer,dashboarding,description_text,dashboards,1
himalayas::https://himalayas.app/companies/care-access/jobs/enterprise-performance-analytics-engineer,etl_elt,description_text,ELT|ETL,1
himalayas::https://himalayas.app/companies/care-access/jobs/enterprise-performance-analytics-engineer,data_modeling,description_text,data modeling,1
himalayas::https://himalayas.app/companies/care-access/jobs/enterprise-performance-analytics-engineer,data_warehousing,description_text,data warehousing,1
himalayas::https://himalayas.app/companies/care-access/jobs/enterprise-performance-analytics-engineer,data_quality,description_text,data quality,1
himalayas::https://himalayas.app/companies/engine/jobs/staff-data-analyst-engine-x,sql,description_text|tags,SQL,2
himalayas::https://himalayas.app/companies/engine/jobs/staff-data-analyst-engine-x,tableau,description_text,Tableau,1
himalayas::https://himalayas.app/companies/engine/jobs/staff-data-analyst-engine-x,looker,description_text,Looker,1
himalayas::https://himalayas.app/companies/engine/jobs/staff-data-analyst-engine-x,dashboarding,description_text,dashboards,1
himalayas::https://himalayas.app/companies/engine/jobs/staff-data-analyst-engine-x,dbt,description_text,dbt,1
himalayas::https://himalayas.app/companies/engine/jobs/staff-data-analyst-engine-x,snowflake,description_text,Snowflake,1
himalayas::https://himalayas.app/companies/engine/jobs/staff-data-analyst-engine-x,ab_testing,description_text,A/B testing,1
himalayas::https://himalayas.app/companies/engine/jobs/staff-data-analyst-engine-x,data_quality,description_text,data quality,1
himalayas::https://himalayas.app/companies/engine/jobs/staff-data-analyst-engine-x,communication,description_text,communication skills|verbal communication,1
himalayas::https://himalayas.app/companies/engine/jobs/sr-product-analyst-omni,sql,description_text,SQL,1
himalayas::https://himalayas.app/companies/engine/jobs/sr-product-analyst-omni,dbt,description_text,dbt,1
himalayas::https://himalayas.app/companies/engine/jobs/sr-product-analyst-omni,apis,description_text,API,1
himalayas::https://himalayas.app/companies/engine/jobs/sr-product-analyst-omni,snowflake,description_text,Snowflake,1
himalayas::https://himalayas.app/companies/engine/jobs/sr-product-analyst-omni,statistics,description_text,statistical analysis,1
himalayas::https://himalayas.app/companies/engine/jobs/sr-product-analyst-omni,ab_testing,description_text,A/B testing,1
himalayas::https://himalayas.app/companies/engine/jobs/sr-product-analyst-omni,communication,description_text,communication skills,1
himalayas::https://himalayas.app/companies/cast-crew/jobs/data-engineer-data-analytics,sql,description_text,SQL,1
himalayas::https://himalayas.app/companies/cast-crew/jobs/data-engineer-data-analytics,looker,description_text,Looker,1
himalayas::https://himalayas.app/companies/cast-crew/jobs/data-engineer-data-analytics,dashboarding,description_text,dashboards,1
himalayas::https://himalayas.app/companies/cast-crew/jobs/data-engineer-data-analytics,dbt,description_text,dbt,1
himalayas::https://himalayas.app/companies/cast-crew/jobs/data-engineer-data-analytics,etl_elt,description_text,ELT|ETL,1
himalayas::https://himalayas.app/companies/cast-crew/jobs/data-engineer-data-analytics,data_warehousing,description_text,data warehouse|data warehouses,1
himalayas::https://himalayas.app/companies/cast-crew/jobs/data-engineer-data-analytics,ci_cd,description_text,CI/CD,1
himalayas::https://himalayas.app/companies/cast-crew/jobs/data-engineer-data-analytics,snowflake,description_text,Snowflake,1
himalayas::https://himalayas.app/companies/cast-crew/jobs/data-engineer-data-analytics,bigquery,description_text,BigQuery,1
himalayas::https://himalayas.app/companies/cast-crew/jobs/data-engineer-data-analytics,redshift,description_text,Redshift,1
himalayas::https://himalayas.app/companies/cast-crew/jobs/data-engineer-data-analytics,data_governance,description_text,data governance,1
himalayas::https://himalayas.app/companies/cast-crew/jobs/data-engineer-data-analytics,data_quality,description_text,data quality,1
himalayas::https://himalayas.app/companies/cast-crew/jobs/data-engineer-data-analytics,communication,description_text,communication skills|verbal communication,1
himalayas::https://himalayas.app/companies/jerseystem/jobs/data102-data-analytics-engineer-mysql-looker,sql,description_text|tags,SQL,2
himalayas::https://himalayas.app/companies/jerseystem/jobs/data102-data-analytics-engineer-mysql-looker,python,description_text,Python,1
himalayas::https://himalayas.app/companies/jerseystem/jobs/data102-data-analytics-engineer-mysql-looker,looker,description_text|job_title_raw,Looker|Looker Studio,2
himalayas::https://himalayas.app/companies/jerseystem/jobs/data102-data-analytics-engineer-mysql-looker,dashboarding,description_text,dashboard|dashboards,1
himalayas::https://himalayas.app/companies/jerseystem/jobs/data102-data-analytics-engineer-mysql-looker,mysql,description_text|job_title_raw,MySQL,2
himalayas::https://himalayas.app/companies/jerseystem/jobs/data102-data-analytics-engineer-mysql-looker,data_quality,description_text,data quality|quality assurance,1
himalayas::https://himalayas.app/companies/jerseystem/jobs/data102-data-analytics-engineer-mysql-looker,jira,description_text,Jira,1
himalayas::https://himalayas.app/companies/highlevel/jobs/staff-analytics-engineer-customer-data-platform,sql,description_text,SQL,1
himalayas::https://himalayas.app/companies/highlevel/jobs/staff-analytics-engineer-customer-data-platform,dbt,description_text,dbt,1
himalayas::https://himalayas.app/companies/highlevel/jobs/staff-analytics-engineer-customer-data-platform,apis,description_text,API,1
himalayas::https://himalayas.app/companies/highlevel/jobs/staff-analytics-engineer-customer-data-platform,machine_learning,description_text,machine learning,1
himalayas::https://himalayas.app/companies/cosmo5/jobs/lead-analytics-engineer-h-f,sql,description_text,SQL,1
himalayas::https://himalayas.app/companies/cosmo5/jobs/lead-analytics-engineer-h-f,python,description_text,Python,1
himalayas::https://himalayas.app/companies/cosmo5/jobs/lead-analytics-engineer-h-f,dashboarding,description_text,dashboards,1
himalayas::https://himalayas.app/companies/cosmo5/jobs/lead-analytics-engineer-h-f,data_visualization,description_text,visualisation,1
himalayas::https://himalayas.app/companies/cosmo5/jobs/lead-analytics-engineer-h-f,dbt,description_text,dbt,1
himalayas::https://himalayas.app/companies/cosmo5/jobs/lead-analytics-engineer-h-f,airflow,description_text,Airflow,1
himalayas::https://himalayas.app/companies/cosmo5/jobs/lead-analytics-engineer-h-f,snowflake,description_text,Snowflake,1
himalayas::https://himalayas.app/companies/cosmo5/jobs/lead-analytics-engineer-h-f,bigquery,description_text,BigQuery,1
himalayas::https://himalayas.app/companies/cosmo5/jobs/lead-analytics-engineer-h-f,aws,description_text,AWS,1
himalayas::https://himalayas.app/companies/cosmo5/jobs/lead-analytics-engineer-h-f,azure,description_text,Azure|Microsoft Azure,1
himalayas::https://himalayas.app/companies/cosmo5/jobs/lead-analytics-engineer-h-f,google_cloud,description_text,GCP,1
himalayas::https://himalayas.app/companies/cosmo5/jobs/lead-analytics-engineer-h-f,git,description_text,Git,1
himalayas::https://himalayas.app/companies/trafilea-com/jobs/senior-data-analytics-engineer-bi,sql,description_text,SQL,1
himalayas::https://himalayas.app/companies/trafilea-com/jobs/senior-data-analytics-engineer-bi,tableau,description_text,Tableau,1
himalayas::https://himalayas.app/companies/trafilea-com/jobs/senior-data-analytics-engineer-bi,dashboarding,description_text,dashboards,1
himalayas::https://himalayas.app/companies/trafilea-com/jobs/senior-data-analytics-engineer-bi,dbt,description_text,dbt,1
himalayas::https://himalayas.app/companies/trafilea-com/jobs/senior-data-analytics-engineer-bi,etl_elt,description_text,ELT,1
himalayas::https://himalayas.app/companies/trafilea-com/jobs/senior-data-analytics-engineer-bi,airflow,description_text,Airflow,1
himalayas::https://himalayas.app/companies/trafilea-com/jobs/senior-data-analytics-engineer-bi,redshift,description_text,Redshift,1
himalayas::https://himalayas.app/companies/trafilea-com/jobs/senior-data-analytics-engineer-bi,aws,description_text,AWS,1
himalayas::https://himalayas.app/companies/trafilea-com/jobs/senior-data-analytics-engineer-bi,data_quality,description_text,data quality|data validation,1
himalayas::https://himalayas.app/companies/1komma5/jobs/senior-analytics-engineer-growth-m-f-d,sql,description_text,SQL,1
himalayas::https://himalayas.app/companies/1komma5/jobs/senior-analytics-engineer-growth-m-f-d,python,description_text,Python,1
himalayas::https://himalayas.app/companies/1komma5/jobs/senior-analytics-engineer-growth-m-f-d,power_bi,description_text,PowerBI,1
himalayas::https://himalayas.app/companies/1komma5/jobs/senior-analytics-engineer-growth-m-f-d,tableau,description_text,Tableau,1
himalayas::https://himalayas.app/companies/1komma5/jobs/senior-analytics-engineer-growth-m-f-d,looker,description_text,Looker,1
himalayas::https://himalayas.app/companies/1komma5/jobs/senior-analytics-engineer-growth-m-f-d,dbt,description_text,dbt,1
himalayas::https://himalayas.app/companies/1komma5/jobs/senior-analytics-engineer-growth-m-f-d,data_modeling,description_text,data modeling,1
himalayas::https://himalayas.app/companies/1komma5/jobs/senior-analytics-engineer-growth-m-f-d,terraform,description_text,Terraform,1
himalayas::https://himalayas.app/companies/1komma5/jobs/senior-analytics-engineer-growth-m-f-d,bigquery,description_text,BigQuery,1
himalayas::https://himalayas.app/companies/1komma5/jobs/senior-analytics-engineer-growth-m-f-d,google_cloud,description_text,Google Cloud|Google Cloud Platform,1
himalayas::https://himalayas.app/companies/1komma5/jobs/senior-analytics-engineer-growth-m-f-d,data_quality,description_text,data quality,1
himalayas::https://himalayas.app/companies/pathstream/jobs/sr-analytics-engineer,sql,description_text,SQL,1
himalayas::https://himalayas.app/companies/pathstream/jobs/sr-analytics-engineer,python,description_text,Python,1
himalayas::https://himalayas.app/companies/pathstream/jobs/sr-analytics-engineer,excel,description_text,Excel,1
himalayas::https://himalayas.app/companies/pathstream/jobs/sr-analytics-engineer,tableau,description_text,Tableau,1
himalayas::https://himalayas.app/companies/pathstream/jobs/sr-analytics-engineer,looker,description_text,Looker,1
himalayas::https://himalayas.app/companies/pathstream/jobs/sr-analytics-engineer,dashboarding,description_text,dashboard|dashboards,1
himalayas::https://himalayas.app/companies/pathstream/jobs/sr-analytics-engineer,dbt,description_text,dbt,1
himalayas::https://himalayas.app/companies/pathstream/jobs/sr-analytics-engineer,data_modeling,description_text,data modeling,1
himalayas::https://himalayas.app/companies/pathstream/jobs/sr-analytics-engineer,snowflake,description_text,Snowflake,1
himalayas::https://himalayas.app/companies/pathstream/jobs/sr-analytics-engineer,bigquery,description_text,BigQuery,1
himalayas::https://himalayas.app/companies/pathstream/jobs/sr-analytics-engineer,redshift,description_text,Redshift,1
himalayas::https://himalayas.app/companies/pathstream/jobs/sr-analytics-engineer,data_quality,description_text,data quality,1
himalayas::https://himalayas.app/companies/pathstream/jobs/sr-analytics-engineer,git,description_text,Git,1
himalayas::https://himalayas.app/companies/pathstream/jobs/sr-analytics-engineer,communication,description_text,verbal communication,1
himalayas::https://himalayas.app/companies/829-studios/jobs/senior-analytics-engineer,sql,description_text,SQL,1
himalayas::https://himalayas.app/companies/829-studios/jobs/senior-analytics-engineer,python,description_text,Python,1
himalayas::https://himalayas.app/companies/829-studios/jobs/senior-analytics-engineer,tableau,description_text,Tableau,1
himalayas::https://himalayas.app/companies/829-studios/jobs/senior-analytics-engineer,dashboarding,description_text,dashboards,1
himalayas::https://himalayas.app/companies/829-studios/jobs/senior-analytics-engineer,dbt,description_text,dbt,1
himalayas::https://himalayas.app/companies/829-studios/jobs/senior-analytics-engineer,etl_elt,description_text,ELT|ETL,1
himalayas::https://himalayas.app/companies/829-studios/jobs/senior-analytics-engineer,snowflake,description_text,Snowflake,1
himalayas::https://himalayas.app/companies/829-studios/jobs/senior-analytics-engineer,bigquery,description_text,BigQuery,1
himalayas::https://himalayas.app/companies/829-studios/jobs/senior-analytics-engineer,aws,description_text,AWS,1
himalayas::https://himalayas.app/companies/829-studios/jobs/senior-analytics-engineer,azure,description_text,Azure,1
himalayas::https://himalayas.app/companies/829-studios/jobs/senior-analytics-engineer,google_cloud,description_text,GCP,1
himalayas::https://himalayas.app/companies/829-studios/jobs/senior-analytics-engineer,data_governance,description_text,data governance,1
himalayas::https://himalayas.app/companies/829-studios/jobs/senior-analytics-engineer,problem_solving,description_text,problem-solving,1
himalayas::https://himalayas.app/companies/ailo/jobs/data-and-analytics-engineer,sql,description_text,SQL,1
himalayas::https://himalayas.app/companies/ailo/jobs/data-and-analytics-engineer,dashboarding,description_text,dashboards,1
himalayas::https://himalayas.app/companies/ailo/jobs/data-and-analytics-engineer,dbt,description_text,dbt,1
himalayas::https://himalayas.app/companies/ailo/jobs/data-and-analytics-engineer,data_warehousing,description_text,data warehouse|data warehousing,1
himalayas::https://himalayas.app/companies/ailo/jobs/data-and-analytics-engineer,ci_cd,description_text,CI/CD|continuous integration,1
himalayas::https://himalayas.app/companies/ailo/jobs/data-and-analytics-engineer,snowflake,description_text,Snowflake,1
himalayas::https://himalayas.app/companies/ailo/jobs/data-and-analytics-engineer,bigquery,description_text,BigQuery,1
himalayas::https://himalayas.app/companies/ailo/jobs/data-and-analytics-engineer,redshift,description_text,Redshift,1
himalayas::https://himalayas.app/companies/ailo/jobs/data-and-analytics-engineer,postgresql,description_text,Postgres,1
himalayas::https://himalayas.app/companies/ailo/jobs/data-and-analytics-engineer,aws,description_text,AWS,1
himalayas::https://himalayas.app/companies/ailo/jobs/data-and-analytics-engineer,git,description_text,Git,1
himalayas::https://himalayas.app/companies/affirm/jobs/analytics-engineer-ii,sql,description_text,SQL,1
himalayas::https://himalayas.app/companies/affirm/jobs/analytics-engineer-ii,python,description_text,Python,1
himalayas::https://himalayas.app/companies/affirm/jobs/analytics-engineer-ii,dbt,description_text,dbt,1
himalayas::https://himalayas.app/companies/affirm/jobs/analytics-engineer-ii,data_warehousing,description_text,data warehouses,1
himalayas::https://himalayas.app/companies/affirm/jobs/analytics-engineer-ii,snowflake,description_text,Snowflake,1
himalayas::https://himalayas.app/companies/affirm/jobs/analytics-engineer-ii,git,description_text,Git|GitHub,1
himalayas::https://himalayas.app/companies/sosafe/jobs/senior-analytics-engineer-4641348473,sql,description_text,SQL,1
himalayas::https://himalayas.app/companies/sosafe/jobs/senior-analytics-engineer-4641348473,dbt,description_text,dbt,1
himalayas::https://himalayas.app/companies/sosafe/jobs/senior-analytics-engineer-4641348473,data_modeling,description_text,data modeling|dimensional modeling,1
himalayas::https://himalayas.app/companies/sosafe/jobs/senior-analytics-engineer-4641348473,data_warehousing,description_text,data warehouses,1
himalayas::https://himalayas.app/companies/sosafe/jobs/senior-analytics-engineer-4641348473,snowflake,description_text,Snowflake,1
himalayas::https://himalayas.app/companies/sosafe/jobs/senior-analytics-engineer-4641348473,bigquery,description_text,BigQuery,1
himalayas::https://himalayas.app/companies/sosafe/jobs/senior-analytics-engineer-4641348473,redshift,description_text,Redshift,1
himalayas::https://himalayas.app/companies/sosafe/jobs/senior-analytics-engineer-4641348473,data_quality,description_text,data quality,1
himalayas::https://himalayas.app/companies/sosafe/jobs/senior-analytics-engineer-4641348473,business_acumen,description_text,business acumen,1
himalayas::https://himalayas.app/companies/permitflow/jobs/analytics-engineer-3192901798,sql,description_text,SQL,1
himalayas::https://himalayas.app/companies/permitflow/jobs/analytics-engineer-3192901798,python,description_text,Python,1
himalayas::https://himalayas.app/companies/permitflow/jobs/analytics-engineer-3192901798,power_bi,description_text,Power BI,1
himalayas::https://himalayas.app/companies/permitflow/jobs/analytics-engineer-3192901798,tableau,description_text,Tableau,1
himalayas::https://himalayas.app/companies/permitflow/jobs/analytics-engineer-3192901798,looker,description_text,Looker,1
himalayas::https://himalayas.app/companies/permitflow/jobs/analytics-engineer-3192901798,dashboarding,description_text,dashboards,1
himalayas::https://himalayas.app/companies/permitflow/jobs/analytics-engineer-3192901798,dbt,description_text,dbt,1
himalayas::https://himalayas.app/companies/permitflow/jobs/analytics-engineer-3192901798,etl_elt,description_text,ETL,1
himalayas::https://himalayas.app/companies/permitflow/jobs/analytics-engineer-3192901798,data_warehousing,description_text,data warehouses|data warehousing,1
himalayas::https://himalayas.app/companies/permitflow/jobs/analytics-engineer-3192901798,postgresql,description_text,PostgreSQL,1
himalayas::https://himalayas.app/companies/permitflow/jobs/analytics-engineer-3192901798,google_cloud,description_text,Google Cloud,1
himalayas::https://himalayas.app/companies/permitflow/jobs/analytics-engineer-3192901798,data_governance,description_text,data governance,1
himalayas::https://himalayas.app/companies/permitflow/jobs/analytics-engineer-3192901798,data_quality,description_text,data quality,1
himalayas::https://himalayas.app/companies/mercury-insurance/jobs/data-analytics-engineer-ii-8471234532,sql,description_text,SQL,1
himalayas::https://himalayas.app/companies/mercury-insurance/jobs/data-analytics-engineer-ii-8471234532,python,description_text,Python,1
himalayas::https://himalayas.app/companies/mercury-insurance/jobs/data-analytics-engineer-ii-8471234532,pandas,description_text,pandas,1
himalayas::https://himalayas.app/companies/mercury-insurance/jobs/data-analytics-engineer-ii-8471234532,dbt,description_text,dbt,1
himalayas::https://himalayas.app/companies/mercury-insurance/jobs/data-analytics-engineer-ii-8471234532,data_modeling,description_text,data modeling,1
himalayas::https://himalayas.app/companies/mercury-insurance/jobs/data-analytics-engineer-ii-8471234532,apis,description_text,API,1
himalayas::https://himalayas.app/companies/mercury-insurance/jobs/data-analytics-engineer-ii-8471234532,snowflake,description_text,Snowflake,1
himalayas::https://himalayas.app/companies/mercury-insurance/jobs/data-analytics-engineer-ii-8471234532,bigquery,description_text,BigQuery,1
himalayas::https://himalayas.app/companies/mercury-insurance/jobs/data-analytics-engineer-ii-8471234532,redshift,description_text,Redshift,1
himalayas::https://himalayas.app/companies/mercury-insurance/jobs/data-analytics-engineer-ii-8471234532,data_quality,description_text,data quality,1
himalayas::https://himalayas.app/companies/mercury-insurance/jobs/data-analytics-engineer-ii-8471234532,communication,description_text,verbal communication,1
himalayas::https://himalayas.app/companies/metabase/jobs/analytics-engineer,sql,description_text,SQL,1
himalayas::https://himalayas.app/companies/metabase/jobs/analytics-engineer,python,description_text,Python,1
himalayas::https://himalayas.app/companies/metabase/jobs/analytics-engineer,dbt,description_text,dbt,1
himalayas::https://himalayas.app/companies/metabase/jobs/analytics-engineer,data_modeling,description_text,data modeling|dimensional modeling,1
himalayas::https://himalayas.app/companies/metabase/jobs/analytics-engineer,redshift,description_text,Redshift,1
himalayas::https://himalayas.app/companies/metabase/jobs/analytics-engineer,postgresql,description_text,Postgres,1
himalayas::https://himalayas.app/companies/metabase/jobs/analytics-engineer,machine_learning,description_text,machine learning,1
himalayas::https://himalayas.app/companies/shaped/jobs/full-stack-engineer-analytics,apis,description_text,API,1
himalayas::https://himalayas.app/companies/shaped/jobs/full-stack-engineer-analytics,machine_learning,description_text,machine learning,1
himalayas::https://himalayas.app/companies/shaped/jobs/full-stack-engineer-analytics,communication,description_text,communication skills|verbal communication,1
himalayas::https://himalayas.app/companies/acv-auctions/jobs/analytics-engineer-iv-acv-capital,sql,description_text|tags,SQL,2
himalayas::https://himalayas.app/companies/acv-auctions/jobs/analytics-engineer-iv-acv-capital,looker,description_text,Looker,1
himalayas::https://himalayas.app/companies/acv-auctions/jobs/analytics-engineer-iv-acv-capital,dashboarding,description_text,dashboards,1
himalayas::https://himalayas.app/companies/acv-auctions/jobs/analytics-engineer-iv-acv-capital,dbt,description_text,dbt,1
himalayas::https://himalayas.app/companies/acv-auctions/jobs/analytics-engineer-iv-acv-capital,bigquery,description_text,BigQuery,1
himalayas::https://himalayas.app/companies/acv-auctions/jobs/analytics-engineer-iv-acv-capital,google_cloud,description_text,Google Cloud|Google Cloud Platform,1
himalayas::https://himalayas.app/companies/acv-auctions/jobs/analytics-engineer-iv-acv-capital,data_quality,description_text,data quality,1
himalayas::https://himalayas.app/companies/acv-auctions/jobs/analytics-engineer-iv-acv-capital,git,description_text,Git,1
himalayas::https://himalayas.app/companies/justplay-gmbh/jobs/analytics-engineer-all-genders-3574730853,sql,description_text,SQL,1
himalayas::https://himalayas.app/companies/justplay-gmbh/jobs/analytics-engineer-all-genders-3574730853,python,description_text,Python,1
himalayas::https://himalayas.app/companies/justplay-gmbh/jobs/analytics-engineer-all-genders-3574730853,tableau,description_text,Tableau,1
himalayas::https://himalayas.app/companies/justplay-gmbh/jobs/analytics-engineer-all-genders-3574730853,looker,description_text,Looker,1
himalayas::https://himalayas.app/companies/justplay-gmbh/jobs/analytics-engineer-all-genders-3574730853,dashboarding,description_text,dashboards,1
himalayas::https://himalayas.app/companies/justplay-gmbh/jobs/analytics-engineer-all-genders-3574730853,data_visualization,description_text,data visualization|visualization,1
himalayas::https://himalayas.app/companies/justplay-gmbh/jobs/analytics-engineer-all-genders-3574730853,dbt,description_text,dbt,1
himalayas::https://himalayas.app/companies/justplay-gmbh/jobs/analytics-engineer-all-genders-3574730853,data_modeling,description_text,dimensional modeling,1
himalayas::https://himalayas.app/companies/justplay-gmbh/jobs/analytics-engineer-all-genders-3574730853,ab_testing,description_text,A/B testing,1
himalayas::https://himalayas.app/companies/justplay-gmbh/jobs/analytics-engineer-all-genders-3574730853,machine_learning,description_text,machine learning,1
himalayas::https://himalayas.app/companies/justplay-gmbh/jobs/analytics-engineer-all-genders-3574730853,git,description_text,Git,1
himalayas::https://himalayas.app/companies/justplay-gmbh/jobs/analytics-engineer-all-genders-3574730853,communication,description_text,communicate findings|communication skills,1
himalayas::https://himalayas.app/companies/justplay-gmbh/jobs/analytics-engineer-all-genders-3574730853,problem_solving,description_text,problem-solving,1
himalayas::https://himalayas.app/companies/openai/jobs/analytics-engineer-safety-systems,sql,description_text,SQL,1
himalayas::https://himalayas.app/companies/openai/jobs/analytics-engineer-safety-systems,tableau,description_text,Tableau,1
himalayas::https://himalayas.app/companies/openai/jobs/analytics-engineer-safety-systems,looker,description_text,Looker,1
himalayas::https://himalayas.app/companies/openai/jobs/analytics-engineer-safety-systems,dashboarding,description_text,dashboards,1
himalayas::https://himalayas.app/companies/openai/jobs/analytics-engineer-safety-systems,etl_elt,description_text,ETL,1
himalayas::https://himalayas.app/companies/openai/jobs/analytics-engineer-safety-systems,communication,description_text,communication skills,1
